DP00808,2019-07-03,Disprot Label,SPOT-Disorder2,PONDRFIT,IUPRED2-Long,IUPRED2-Short,PONDR-VLXT,PONDR-XL1,PONDR-CAN,PONDR-VL3,PONDR-VSL2,Disprot-vl2-C,Disprot-vl2-V,Disprot-vl2-S,Disprot-vl2,Disprot-vl3,Disprot-vl3h,Disprot-vslb,CSpritz-Short,CSpritz-Long,ESpritz-Disprot,ESpritz-NMR,ESpritz-Xray
1,M,1,0.7034,0.9209999999999999,0.243554,0.243554,0.0214555951,0.0,0.0,0.2157,0.65869,0.506293,0.378798,0.550012,0.613532,0.6965439999999999,0.751979,0.65869,0.2714173477143049,0.26587884686887264,0.380322,0.507727,0.436105
2,E,1,0.6159,0.909,0.295083,0.295083,0.055265871900000006,0.0,0.0,0.2126,0.636016,0.342986,0.390176,0.45909799999999995,0.5044109999999999,0.385216,0.434965,0.636016,0.2570440974086523,0.3014353439211845,0.374944,0.507017,0.44173999999999997
3,D,1,0.5265,0.8809999999999999,0.33916799999999997,0.33916799999999997,0.1486752883,0.0,0.0,0.2071,0.6109399999999999,0.36083699999999996,0.41968,0.46174899999999997,0.500088,0.384758,0.43282200000000004,0.6109399999999999,0.2476280736736953,0.34564657136797905,0.37758400000000003,0.50083,0.45014499999999996
4,I,1,0.4303,0.845,0.37044499999999997,0.37044499999999997,0.1644200406,0.0,0.0,0.2024,0.591824,0.41807700000000003,0.330638,0.509217,0.517664,0.36578,0.44573999999999997,0.591824,0.20400434313341972,0.2663765884935856,0.377211,0.451316,0.381035
5,N,1,0.3505,0.8420000000000001,0.390993,0.390993,0.2254323284,0.0,0.0,0.1973,0.5677989999999999,0.37796599999999997,0.243114,0.435688,0.45305,0.279362,0.35034099999999996,0.5677989999999999,0.17016532085835934,0.2544323205947876,0.373504,0.421392,0.339658
6,F,1,0.3035,0.794,0.418646,0.418646,0.2829115139,0.0,0.0,0.1913,0.501948,0.38633,0.267086,0.40724,0.45394399999999996,0.258997,0.334469,0.501948,0.14976318273693326,0.3093721829354763,0.369331,0.384887,0.315839
7,A,1,0.2766,0.7759999999999999,0.48306800000000005,0.48306800000000005,0.3187050552,0.0,0.0,0.1852,0.476137,0.41468999999999995,0.247387,0.370269,0.419346,0.258383,0.29729099999999997,0.476137,0.1299435687251389,0.3348885476589203,0.37516900000000003,0.381237,0.310207
8,S,1,0.2613,0.765,0.390993,0.390993,0.3538639988,0.0,0.0,0.1793,0.44868100000000005,0.396346,0.270997,0.447902,0.450874,0.281068,0.358508,0.44868100000000005,0.11465721391141415,0.3081843927502632,0.373015,0.335469,0.308869
9,L,1,0.256,0.799,0.380708,0.380708,0.3724024503,0.0,0.0,0.174,0.43099,0.361374,0.280265,0.475058,0.454525,0.289431,0.386247,0.43099,0.11120433546602726,0.3507124297320843,0.376209,0.34689699999999996,0.305747
10,A,1,0.2569,0.762,0.40510999999999997,0.40510999999999997,0.3864471977,0.0,0.0,0.169,0.44213900000000006,0.394354,0.35007699999999997,0.5265340000000001,0.5199090000000001,0.393009,0.48238400000000003,0.44213900000000006,0.11357684014365076,0.42034901306033134,0.375329,0.354989,0.299802
11,P,1,0.2551,0.573,0.43303400000000003,0.43303400000000003,0.33799071,0.0,0.0,0.1648,0.470692,0.375913,0.37051999999999996,0.5955090000000001,0.547968,0.436366,0.546519,0.470692,0.11171858292073013,0.4162932522594929,0.372042,0.394988,0.29487199999999997
12,R,1,0.2548,0.5710000000000001,0.390993,0.390993,0.29617817469999996,0.0,0.0,0.1612,0.497066,0.38144,0.38729600000000003,0.569453,0.547217,0.43363,0.5407489999999999,0.497066,0.11053116945549846,0.440633486956358,0.371317,0.455176,0.29386
13,H,1,0.2478,0.5539999999999999,0.394753,0.394753,0.263241711,0.0,0.0,0.1584,0.5007060000000001,0.384407,0.405194,0.548405,0.5490010000000001,0.45118100000000005,0.544074,0.5007060000000001,0.1109272027388215,0.4254298731684685,0.37701799999999996,0.47853100000000004,0.26515900000000003
14,G,1,0.2373,0.544,0.398279,0.398279,0.2363945564,0.0,0.0,0.1564,0.5092479999999999,0.339014,0.437065,0.502497,0.527373,0.438255,0.507578,0.5092479999999999,0.11270576110109687,0.4096885584294796,0.376116,0.471684,0.24938200000000002
15,S,1,0.2167,0.455,0.401658,0.401658,0.1788355177,0.8327760577,0.4826836029,0.1546,0.5067159999999999,0.32016500000000003,0.327527,0.471282,0.481392,0.346225,0.429375,0.5067159999999999,0.11118293320760132,0.44194070622324944,0.369218,0.46564099999999997,0.228142
16,R,1,0.1886,0.38,0.398279,0.398279,0.1414223285,0.8108156006999999,0.3800285142,0.1482,0.47761400000000004,0.30541599999999997,0.34665,0.533644,0.507663,0.375359,0.47962299999999997,0.47761400000000004,0.10804756614379583,0.442013643682003,0.368385,0.455058,0.201895
17,P,1,0.1684,0.32899999999999996,0.5017,0.5017,0.09667468900000001,0.7926284681999999,0.2873128241,0.1411,0.43078900000000003,0.11337,0.368127,0.44026899999999997,0.39229899999999995,0.23548200000000002,0.337388,0.43078900000000003,0.106191988568753,0.3528211861848831,0.369652,0.469221,0.169878
18,F,1,0.159,0.308,0.529623,0.529623,0.0634984298,0.7873938086,0.2085355043,0.133,0.405851,0.122492,0.384664,0.426174,0.398493,0.23773899999999998,0.331513,0.405851,0.11170125426724553,0.3741783946752548,0.359356,0.448223,0.14340999999999998
19,M,1,0.1538,0.266,0.545602,0.545602,0.028135401600000002,0.7802888517000001,0.14328151039999998,0.1279,0.397873,0.112923,0.401833,0.486471,0.42601300000000003,0.269254,0.37503800000000004,0.397873,0.10817616060376167,0.3784179836511612,0.350337,0.440438,0.125624
20,G,1,0.1448,0.24100000000000002,0.608892,0.608892,0.0363847762,0.7451534343,0.09522645369999999,0.1228,0.375925,0.101801,0.34265,0.48144,0.399029,0.22043400000000002,0.331644,0.375925,0.1012352891266346,0.2407794371247292,0.35864,0.41666899999999996,0.118197
21,N,1,0.1337,0.214,0.642678,0.642678,0.0362410248,0.7303491055,0.0536731246,0.1185,0.362031,-0.069936,0.36538899999999996,0.403675,0.30136199999999996,0.15426600000000001,0.260179,0.362031,0.10067813284695147,0.2540319114923477,0.36004,0.404971,0.108241
22,W,1,0.1247,0.207,0.59917,0.59917,0.0342531434,0.7169909577,4.107e-07,0.1153,0.37307399999999996,-0.112506,0.336559,0.42758,0.282254,0.1448,0.23808600000000002,0.37307399999999996,0.105732383672148,0.2324906326830387,0.354896,0.388465,0.100066
23,Q,1,0.1208,0.218,0.604312,0.604312,0.0308544407,0.6589334266,4.1060000000000004e-07,0.1119,0.385167,-0.173272,0.33517199999999997,0.416836,0.267522,0.150332,0.230175,0.385167,0.10224129864946008,0.2403818219900131,0.36046100000000003,0.39812600000000004,0.0967346
24,D,1,0.1172,0.244,0.570702,0.570702,0.028635861600000003,0.5983600424000001,4.1060000000000004e-07,0.1079,0.41138,-0.234411,0.336147,0.352416,0.223374,0.14890699999999998,0.21179099999999998,0.41138,0.1062619755975902,0.2863400988280773,0.35789499999999996,0.424548,0.0946717
25,I,1,0.1151,0.252,0.476583,0.476583,0.028446173199999997,0.5282885904,4.1060000000000004e-07,0.1032,0.44532200000000005,-0.146299,0.384015,0.379291,0.26811599999999997,0.160222,0.242842,0.44532200000000005,0.11141019454225898,0.2751655951142311,0.357643,0.42964399999999997,0.0982556
26,G,1,0.1135,0.261,0.480142,0.480142,0.023532287599999997,0.459755484,4.1e-07,0.098,0.459233,-0.146299,0.384015,0.379291,0.26811599999999997,0.160222,0.242842,0.459233,0.11208881158381699,0.2511146366596222,0.36790100000000003,0.444971,0.0934948
27,T,1,0.1121,0.265,0.394753,0.394753,0.0207871952,0.37843145359999997,3.612e-07,0.0931,0.468574,-0.146299,0.384015,0.379291,0.26811599999999997,0.160222,0.242842,0.468574,0.11173751228488983,0.27203183621168137,0.36922699999999997,0.449647,0.09362369999999999
28,S,1,0.1073,0.282,0.37044499999999997,0.37044499999999997,0.0184259413,0.2955175791,3.612e-07,0.089,0.482483,-0.110242,0.375302,0.40694,0.291802,0.170685,0.25311100000000003,0.482483,0.11377485771663487,0.4060383550822735,0.366302,0.462358,0.08654010000000001
29,N,1,0.101,0.298,0.461924,0.461924,0.012985048700000001,0.2534765498,4.8399999999999997e-08,0.0864,0.48584700000000003,-0.110242,0.375302,0.40694,0.291802,0.170685,0.25311100000000003,0.48584700000000003,0.1145482175052166,0.3915375433862209,0.367973,0.480792,0.08848510000000001
30,M,1,0.0907,0.312,0.4292,0.4292,0.014144966699999999,0.1951715093,4.8399999999999997e-08,0.0868,0.48597299999999993,-0.082035,0.42446000000000006,0.397876,0.30495500000000003,0.20996900000000002,0.269313,0.48597299999999993,0.11177035188302398,0.3231879584491253,0.36585100000000004,0.48613599999999996,0.0943933
31,S,1,0.0768,0.275,0.349426,0.349426,0.023258997799999997,0.1250447629,0.0,0.0882,0.49664200000000003,-0.07239,0.381302,0.399225,0.285537,0.16608,0.219284,0.49664200000000003,0.10563630145043136,0.3958595246076584,0.369871,0.462775,0.0868852
32,G,1,0.0615,0.26,0.33564499999999997,0.33564499999999997,0.0401365594,0.1102981521,0.0,0.0912,0.46926999999999996,-0.076147,0.378289,0.42176400000000003,0.295752,0.176136,0.23320900000000003,0.46926999999999996,0.10539254546165466,0.2594154961407185,0.367824,0.45121700000000003,0.0859183
33,G,1,0.0483,0.242,0.422041,0.422041,0.0401600881,0.1059843439,0.0,0.0923,0.45836899999999997,-0.166897,0.361763,0.402589,0.272379,0.139544,0.219207,0.45836899999999997,0.10492446762509644,0.2918315157294273,0.371479,0.40566199999999997,0.0804773
34,A,1,0.0365,0.222,0.342579,0.342579,0.035954383900000005,0.1006004049,0.0,0.0934,0.43711700000000003,-0.224305,0.346566,0.322106,0.19506300000000001,0.088994,0.177042,0.43711700000000003,0.10037639923393726,0.2730371989309788,0.368397,0.37067,0.07691680000000001
35,F,1,0.0293,0.218,0.32860300000000003,0.32860300000000003,0.0340631008,0.09566679970000001,0.0,0.0933,0.396046,-0.224305,0.346566,0.322106,0.19506300000000001,0.088994,0.177042,0.396046,0.08582839299924673,0.19509846903383726,0.367481,0.320664,0.0624113
36,S,1,0.0249,0.20199999999999999,0.41194,0.41194,0.03330401,0.1028250912,0.0,0.094,0.36187199999999997,-0.224305,0.346566,0.322106,0.19506300000000001,0.088994,0.177042,0.36187199999999997,0.08500512898899615,0.17215745709836486,0.364904,0.308204,0.055874
37,W,1,0.0222,0.23,0.324872,0.324872,0.0319077958,0.1037422574,0.0,0.095,0.34613499999999997,-0.253069,0.34531999999999996,0.308751,0.20618699999999998,0.089389,0.207209,0.34613499999999997,0.08664669678546487,0.18203759752213955,0.366194,0.279725,0.0458393
38,G,1,0.0207,0.242,0.324872,0.324872,0.0286438369,0.0911992056,0.0,0.0961,0.323294,-0.353007,0.37035,0.30299,0.187253,0.08669500000000001,0.200505,0.323294,0.0821825924795121,0.17838278971612453,0.364994,0.261185,0.044189099999999995
39,S,1,0.0199,0.23600000000000002,0.32860300000000003,0.32860300000000003,0.02712277,0.0716721329,0.0,0.0974,0.287137,-0.518486,0.488184,0.25759299999999996,0.130232,0.076463,0.184514,0.287137,0.07947057788260281,0.16375725390389562,0.360225,0.227767,0.038162699999999994
40,L,1,0.0191,0.22899999999999998,0.32145799999999997,0.32145799999999997,0.0176269644,0.0609737727,0.0,0.0992,0.313729,-0.5752510000000001,0.45183900000000005,0.25195300000000004,0.094665,0.073746,0.16123800000000002,0.313729,0.08412738353945315,0.1683615311048925,0.356581,0.1987,0.0389464
41,W,1,0.0198,0.23600000000000002,0.301917,0.301917,0.0006296463,0.051211716399999996,0.0,0.1013,0.313552,-0.5927979999999999,0.453453,0.322357,0.11549000000000001,0.080764,0.19154300000000002,0.313552,0.08651555702090262,0.18446873128414154,0.35554,0.17241199999999998,0.0317587
42,S,1,0.0211,0.235,0.301917,0.301917,0.0007444406,0.0360977746,0.0,0.1053,0.31904899999999997,-0.585012,0.46712600000000004,0.36177600000000004,0.13911400000000002,0.09865,0.216015,0.31904899999999997,0.08839746075682342,0.18906831182539466,0.356634,0.16124000000000002,0.0280284
43,G,1,0.0227,0.237,0.30533000000000005,0.30533000000000005,0.0016861619000000001,0.0268611998,0.0,0.1119,0.339545,-0.396931,0.438479,0.427666,0.22569899999999998,0.138961,0.25251,0.339545,0.09249356854707004,0.2411291170865297,0.354515,0.166022,0.023471000000000002
44,I,1,0.0243,0.256,0.222385,0.222385,0.0022580402,0.0167785461,0.0,0.1196,0.378731,-0.41074099999999997,0.443107,0.4229,0.238564,0.167026,0.261535,0.378731,0.10046360734850167,0.2671205550432205,0.35871,0.171307,0.0200785
45,K,1,0.0273,0.259,0.24704099999999998,0.24704099999999998,0.0030378259000000004,0.007422643100000001,0.0,0.1257,0.378241,-0.445536,0.5215029999999999,0.41327700000000006,0.238104,0.193483,0.293529,0.378241,0.09881023201160133,0.22151995822787285,0.360715,0.181018,0.018798500000000003
46,N,1,0.0303,0.26899999999999996,0.32860300000000003,0.32860300000000003,0.0035280833,0.0064430447,0.0,0.1327,0.364275,-0.395599,0.6221,0.49073599999999995,0.320751,0.289505,0.41310399999999997,0.364275,0.094565519830212,0.21079516783356667,0.361744,0.175343,0.0197775
47,F,1,0.032,0.276,0.32145799999999997,0.32145799999999997,0.0052452876,0.0028794856,0.0,0.1419,0.407831,-0.41281999999999996,0.5478430000000001,0.496792,0.287166,0.20714699999999997,0.376917,0.407831,0.10109130595810713,0.3213060535490513,0.36128499999999997,0.17444300000000001,0.0210148
48,G,1,0.035,0.27699999999999997,0.387226,0.387226,0.0071935281999999994,0.026720827000000003,0.0,0.1526,0.421597,-0.341903,0.56157,0.524567,0.309746,0.239021,0.39224000000000003,0.421597,0.1030127767007798,0.29170387983322144,0.36185,0.18270799999999998,0.022130599999999997
49,S,1,0.0377,0.289,0.301917,0.301917,0.008361755600000001,0.0295414115,0.0,0.1638,0.42813,-0.274737,0.475958,0.46698900000000004,0.275382,0.14696199999999998,0.287079,0.42813,0.09416302596218884,0.2401896715164185,0.360781,0.178224,0.0231639
50,T,1,0.0398,0.32899999999999996,0.311707,0.311707,0.0095298186,0.0330636217,0.0,0.1752,0.45374200000000003,-0.204282,0.4831,0.459762,0.300413,0.19742200000000001,0.335649,0.45374200000000003,0.09546357928775252,0.3166899941861629,0.361861,0.172028,0.0240022
51,V,1,0.0414,0.318,0.37044499999999997,0.37044499999999997,0.0119996861,0.0363644991,0.0,0.188,0.47555600000000003,-0.256156,0.387651,0.43415299999999996,0.23765799999999998,0.1519,0.274597,0.47555600000000003,0.09817515360191464,0.3016543462872505,0.36333499999999996,0.155039,0.0242541
52,K,0,0.0446,0.319,0.450668,0.450668,0.0151396562,0.09648450039999999,0.0,0.1997,0.469654,-0.194501,0.382094,0.389069,0.24019899999999997,0.166294,0.294232,0.469654,0.09687590459361672,0.3277931474149227,0.364655,0.15128699999999998,0.0255423
53,N,0,0.0473,0.35100000000000003,0.458154,0.458154,0.0162038725,0.1645214288,0.0,0.2115,0.486396,-0.133735,0.383481,0.399814,0.254931,0.140399,0.28718699999999997,0.486396,0.09315569326281548,0.3657262474298477,0.364208,0.153085,0.028213799999999997
54,Y,0,0.0483,0.37799999999999995,0.458154,0.458154,0.1193599531,0.19638857210000002,0.0,0.2229,0.5249739999999999,-0.13366,0.39205100000000004,0.425738,0.257419,0.145217,0.304603,0.5249739999999999,0.09250090736895801,0.25607458874583244,0.366894,0.170951,0.030375
55,G,0,0.0513,0.36,0.545602,0.545602,0.179084623,0.2265308111,0.0,0.2346,0.552331,-0.126139,0.37435799999999997,0.48930799999999997,0.281889,0.147421,0.332573,0.552331,0.09860051283612847,0.2339789643883705,0.368735,0.19256500000000001,0.0339965
56,S,0,0.0525,0.332,0.521092,0.521092,0.26458655789999996,0.25290656850000004,0.0,0.2458,0.544818,-0.126139,0.37435799999999997,0.48930799999999997,0.281889,0.147421,0.332573,0.544818,0.09894474875181912,0.2709145024418831,0.36885,0.182775,0.0372135
57,K,0,0.0532,0.327,0.44757399999999997,0.44757399999999997,0.3298981409,0.294046329,0.0,0.2555,0.559487,-0.11139600000000001,0.38408000000000003,0.449263,0.26677,0.14715899999999998,0.316865,0.559487,0.10138475196436048,0.35684168338775635,0.371184,0.155807,0.039657099999999994
58,A,0,0.0538,0.32299999999999995,0.5381670000000001,0.5381670000000001,0.4321360045,0.3604099741,0.0,0.2621,0.562928,0.06279,0.391971,0.5486850000000001,0.37961300000000003,0.260343,0.430583,0.562928,0.1071282778866589,0.3094303235411644,0.376268,0.15681900000000001,0.0422491
59,W,0,0.0551,0.34299999999999997,0.553315,0.553315,0.4397670186,0.3776237648,0.0,0.266,0.5452640000000001,0.101124,0.393577,0.5829,0.409434,0.331878,0.5210279999999999,0.5452640000000001,0.11302756704390048,0.3114589191973209,0.380048,0.17061300000000001,0.044127
60,N,0,0.0576,0.33,0.549308,0.549308,0.4468293418,0.3914419536,0.0,0.2685,0.541194,0.082758,0.366646,0.50083,0.356123,0.24273499999999998,0.443611,0.541194,0.12011213786900045,0.3663270175457001,0.37458,0.20447,0.047621
61,S,0,0.0585,0.308,0.472492,0.472492,0.5046226696,0.37122799549999996,3.5137e-05,0.2702,0.547361,0.066582,0.41317,0.479234,0.354412,0.24448699999999998,0.432688,0.547361,0.12972525600343945,0.3859805315732956,0.373286,0.235671,0.0502854
62,S,0,0.0578,0.295,0.5253680000000001,0.5253680000000001,0.5083624579,0.3956455493,3.53407e-05,0.2707,0.5320550000000001,0.278314,0.340023,0.5840420000000001,0.464642,0.409943,0.514211,0.5320550000000001,0.13754084333777428,0.31480737403035164,0.37390500000000004,0.241972,0.0508915
63,T,0,0.0555,0.306,0.549308,0.549308,0.40892566979999995,0.4692964564,3.53408e-05,0.27,0.509959,0.295861,0.338409,0.513637,0.443816,0.38258400000000004,0.445488,0.509959,0.13440633565187454,0.32632503286004066,0.375691,0.216009,0.0479105
64,G,0,0.0521,0.319,0.553315,0.553315,0.34974326780000004,0.5495947773,0.0002547619,0.2742,0.49364399999999997,0.270259,0.272204,0.532601,0.419597,0.31,0.432712,0.49364399999999997,0.13705797167494893,0.3188130930066109,0.3736,0.194323,0.043205400000000005
65,Q,0,0.0476,0.312,0.675549,0.675549,0.2673668719,0.6029381315,0.0288257827,0.2827,0.49262399999999995,0.246736,0.362964,0.554983,0.452463,0.397163,0.47046099999999996,0.49262399999999995,0.13952565426006913,0.38383515179157257,0.372749,0.15420799999999998,0.03848069999999999
66,M,0,0.0436,0.31,0.553315,0.553315,0.2125353771,0.6277786253000001,0.12272523380000001,0.296,0.49815299999999996,0.190855,0.362973,0.591171,0.44346800000000003,0.344652,0.46056400000000003,0.49815299999999996,0.14646673994138834,0.3920372799038887,0.3753,0.128909,0.0350364
67,L,0,0.0419,0.31,0.575842,0.575842,0.1194788789,0.6537621477000001,0.2162892595,0.3076,0.5185310000000001,0.219302,0.372039,0.555389,0.44278500000000004,0.334163,0.44173999999999997,0.5185310000000001,0.1357105690985918,0.4048404954373837,0.374758,0.108912,0.0342413
68,R,0,0.0426,0.297,0.59917,0.59917,0.14591631759999998,0.7289950481,0.3096150505,0.3194,0.534211,0.222619,0.40020900000000004,0.522338,0.431497,0.328115,0.433367,0.534211,0.13619873789139092,0.4181035831570625,0.371748,0.102362,0.033893599999999996
69,D,0,0.0443,0.276,0.6182850000000001,0.6182850000000001,0.1671289685,0.8068397909,0.403251666,0.3312,0.572449,0.203443,0.403389,0.595252,0.45414399999999994,0.37606,0.526018,0.572449,0.13246773928403854,0.4306279048323631,0.375345,0.10670999999999999,0.0342667
70,K,0,0.0468,0.293,0.661982,0.661982,0.1267768092,0.8619134240999999,0.49684771229999997,0.3449,0.590022,0.222619,0.40020900000000004,0.522338,0.431497,0.328115,0.433367,0.590022,0.13396786339581013,0.4302831403911114,0.37640999999999997,0.11278800000000001,0.0363341
71,L,0,0.0495,0.303,0.5806899999999999,0.5806899999999999,0.1408878691,0.8645217784,0.5904326032,0.3587,0.5696859999999999,0.171252,0.404287,0.520566,0.424441,0.317315,0.43236899999999995,0.5696859999999999,0.131912961602211,0.3910897448658943,0.37504,0.1215,0.0384157
72,K,0,0.0538,0.263,0.59917,0.59917,0.1601598871,0.8537996116,0.684089321,0.3731,0.535999,0.171252,0.404287,0.520566,0.424441,0.317315,0.43236899999999995,0.535999,0.13435404328629375,0.386058870702982,0.37350500000000003,0.123563,0.0408524
73,E,0,0.0564,0.24600000000000002,0.608892,0.608892,0.18447679320000002,0.8262064829000001,0.7780733545999999,0.3859,0.5580430000000001,0.160294,0.34005599999999997,0.5334409999999999,0.405945,0.244457,0.344566,0.5580430000000001,0.13685062574222684,0.4131802693009377,0.37193699999999996,0.12297899999999999,0.0408619
74,Q,0,0.0575,0.23399999999999999,0.5253680000000001,0.5253680000000001,0.2057899824,0.848572888,0.8426276518000001,0.3964,0.542655,0.15764,0.288202,0.525095,0.387192,0.176244,0.309267,0.542655,0.13718248065561056,0.4162124805152416,0.371379,0.122948,0.0404313
75,N,0,0.0567,0.198,0.497853,0.497853,0.1958732346,0.8551657697,0.842922182,0.405,0.498241,0.139915,0.334969,0.6459,0.45979,0.28134499999999996,0.42119399999999996,0.498241,0.1318384874612093,0.3815072104334831,0.37140300000000004,0.120902,0.0386755
76,F,0,0.0535,0.17600000000000002,0.48306800000000005,0.48306800000000005,0.18655480289999998,0.8525621973999999,0.8433528603,0.4148,0.47566099999999994,0.114218,0.32326,0.677446,0.457399,0.348746,0.46528,0.47566099999999994,0.12945551378652453,0.32097771018743515,0.36798400000000003,0.106582,0.0363901
77,Q,0,0.051,0.145,0.517562,0.517562,0.1542623831,0.8493181826,0.8438586079000001,0.4237,0.47101499999999996,0.121181,0.340458,0.649386,0.45097600000000004,0.304779,0.428634,0.47101499999999996,0.1275846567004919,0.3755160346627235,0.367618,0.0922698,0.0338645
78,Q,0,0.0487,0.14400000000000002,0.5097689999999999,0.5097689999999999,0.1267223041,0.8383240770999999,0.7897498654999999,0.4306,0.454545,0.036219,0.357721,0.603803,0.40928400000000004,0.251641,0.366147,0.454545,0.12477216916158795,0.3291323445737362,0.366431,0.08024160000000001,0.0319584
79,K,0,0.0464,0.146,0.5097689999999999,0.5097689999999999,0.1429205874,0.8270828922,0.6983591334,0.4359,0.430463,0.0326,0.327309,0.6255850000000001,0.40469299999999997,0.250262,0.358198,0.430463,0.12220315402373673,0.2616728544235229,0.36239099999999996,0.0821347,0.030651799999999996
80,V,0,0.0445,0.139,0.497853,0.497853,0.12464324880000001,0.7653250654000001,0.6047745720000001,0.4418,0.415796,0.187658,0.35358,0.754473,0.5389189999999999,0.502644,0.573213,0.415796,0.1252201865427196,0.3026232086122036,0.361716,0.0816835,0.030228199999999997
81,V,0,0.0454,0.14,0.450668,0.450668,0.10196796720000001,0.6914406453,0.5111178547999999,0.4502,0.42117200000000005,0.187658,0.35358,0.754473,0.5389189999999999,0.502644,0.573213,0.42117200000000005,0.1213501812890172,0.3324068523943424,0.359123,0.0885044,0.0307746
82,D,0,0.0485,0.15,0.461924,0.461924,0.0777520855,0.6256399525999999,0.41691440009999997,0.4598,0.429989,0.245168,0.352006,0.715774,0.546093,0.460399,0.542676,0.429989,0.11847525089979173,0.3447423949837685,0.359665,0.10082999999999999,0.0320263
83,G,0,0.0515,0.16,0.48306800000000005,0.48306800000000005,0.075383335,0.5506035409000001,0.3777251942,0.4714,0.410814,0.234256,0.283646,0.61987,0.486516,0.2959,0.41515100000000005,0.410814,0.11650862637907268,0.26178260520100594,0.356541,0.12046199999999999,0.03373230000000001
84,L,0,0.0545,0.168,0.408655,0.408655,0.09429092630000001,0.4873334043,0.3311576845,0.4823,0.41873900000000003,0.187749,0.306477,0.66956,0.51554,0.44565699999999997,0.512567,0.41873900000000003,0.11618585279211402,0.22907105460762975,0.357137,0.138543,0.0349898
85,A,0,0.0589,0.17600000000000002,0.377384,0.377384,0.1053634034,0.41573043590000003,0.2371629805,0.4936,0.447611,0.172952,0.305448,0.7357279999999999,0.533291,0.544981,0.591112,0.447611,0.1145265530794859,0.2009499054402113,0.355983,0.171747,0.0364185
86,S,0,0.0643,0.183,0.380708,0.380708,0.1354989598,0.34593659020000006,0.143331442,0.5054,0.460553,0.22513000000000002,0.285111,0.722579,0.5450649999999999,0.567978,0.6148560000000001,0.460553,0.11110846744850278,0.2074507437646389,0.355222,0.191889,0.038094800000000005
87,G,0,0.0668,0.187,0.480142,0.480142,0.1805958911,0.27731444239999997,0.10380356880000001,0.5181,0.46846499999999996,0.15724100000000002,0.20504899999999998,0.721639,0.500212,0.576879,0.603067,0.46846499999999996,0.10986769292503597,0.19722254388034344,0.353073,0.201785,0.039741000000000005
88,I,0,0.0689,0.18899999999999997,0.44757399999999997,0.44757399999999997,0.1744821239,0.2087990409,0.1015631177,0.5319,0.47511800000000004,0.21389299999999997,0.20509899999999998,0.744105,0.5316489999999999,0.630075,0.610542,0.47511800000000004,0.10800918890163302,0.18914824072271585,0.352028,0.19362200000000002,0.0407332
89,S,0,0.072,0.192,0.38404299999999997,0.38404299999999997,0.2223920436,0.19085531170000003,0.1102422613,0.5482,0.47782399999999997,0.20434000000000002,0.19201600000000002,0.684404,0.515283,0.635759,0.580549,0.47782399999999997,0.10497040813788773,0.18149880785495046,0.348851,0.185327,0.0400978
90,G,0,0.0755,0.21899999999999997,0.401658,0.401658,0.2636949684,0.2452709779,0.1970117559,0.5665,0.508254,0.251607,0.250244,0.673262,0.514219,0.6005,0.615691,0.508254,0.10597535129636526,0.1961066722869873,0.346964,0.17838199999999999,0.03937519999999999
91,V,0,0.0792,0.226,0.46524099999999996,0.46524099999999996,0.34169584840000006,0.3031150768,0.2532962753,0.5855,0.52044,0.264394,0.24458000000000002,0.636814,0.49391,0.592651,0.583504,0.52044,0.10198762454092504,0.18530370108783245,0.347855,0.161244,0.0387175
92,V,0,0.0884,0.212,0.51388,0.51388,0.3787076658,0.3516561982,0.291094193,0.6034,0.515312,0.34126100000000004,0.306589,0.615394,0.527478,0.68662,0.661664,0.515312,0.10089503228664398,0.19205455668270588,0.34707899999999997,0.154394,0.0406326
93,D,0,0.1024,0.254,0.42561000000000004,0.42561000000000004,0.38583010479999996,0.39048547100000003,0.33726657460000004,0.6225,0.506739,0.251051,0.295005,0.5941029999999999,0.483016,0.641903,0.587835,0.506739,0.09928350569680333,0.2369302064180374,0.347445,0.158654,0.0448521
94,L,0,0.1179,0.311,0.43303400000000003,0.43303400000000003,0.37927769619999996,0.4635799507,0.4311123676,0.6431,0.535695,0.251051,0.295005,0.5941029999999999,0.483016,0.641903,0.587835,0.535695,0.09483907767571507,0.26115402951836586,0.349049,0.17444500000000002,0.0532309
95,A,0,0.1374,0.3,0.49400299999999997,0.49400299999999997,0.36782701799999995,0.5347621139000001,0.5249809925,0.6615,0.570926,0.308197,0.291229,0.584384,0.499222,0.6400779999999999,0.571422,0.570926,0.09937970829196274,0.34896188601851463,0.35080100000000003,0.194697,0.0653175
96,N,0,0.1717,0.295,0.5097689999999999,0.5097689999999999,0.3384063987,0.6059956177,0.6360921034,0.6768,0.583957,0.38240999999999997,0.301383,0.554618,0.514037,0.653831,0.603661,0.583957,0.0978321188595146,0.400138258934021,0.351186,0.219367,0.07951860000000001
97,Q,0,0.2052,0.292,0.44757399999999997,0.44757399999999997,0.339942733,0.6745213023000001,0.7472032145,0.6885,0.607009,0.430673,0.425521,0.5981850000000001,0.589726,0.786222,0.7581319999999999,0.607009,0.09849331178702414,0.4062547124922276,0.352149,0.244031,0.0944426
98,A,0,0.2377,0.34600000000000003,0.458154,0.458154,0.3630743239,0.7701642247,0.8338843427,0.7023,0.637566,0.481303,0.413293,0.5706680000000001,0.597213,0.789558,0.768931,0.637566,0.0955836670473218,0.3867858648300171,0.352114,0.273048,0.11083399999999999
99,V,0,0.2731,0.409,0.56648,0.56648,0.39292540880000004,0.8058772986,0.8430101004999999,0.7169,0.656335,0.44414,0.414426,0.518683,0.572191,0.7298100000000001,0.7375729999999999,0.656335,0.10461282171308994,0.3950959295034409,0.351914,0.313251,0.127104
100,Q,0,0.31,0.43700000000000006,0.570702,0.570702,0.3840403417,0.8414252507,0.8815469463,0.7321,0.6837810000000001,0.349825,0.406787,0.5037149999999999,0.5323180000000001,0.668812,0.672542,0.6837810000000001,0.11329355603083968,0.4248650036752224,0.34933600000000004,0.363782,0.150871
101,N,0,0.3463,0.48,0.604312,0.604312,0.4163191154,0.8768121009000001,0.885041092,0.7457,0.704713,0.441708,0.43809799999999993,0.533512,0.584896,0.769659,0.750628,0.704713,0.11581416567787528,0.4304498285055161,0.34888600000000003,0.426339,0.167542
102,K,0,0.3755,0.5529999999999999,0.712013,0.712013,0.4848994926,0.9139304276000001,0.8859020583,0.7589,0.7303609999999999,0.507969,0.419709,0.5123409999999999,0.575303,0.7822979999999999,0.745157,0.7303609999999999,0.1224983970168978,0.4364263191819191,0.349097,0.492741,0.19358499999999998
103,I,0,0.4009,0.612,0.712013,0.712013,0.5800930159000001,0.9119361351999999,0.8803626445999999,0.7715,0.750624,0.430762,0.470391,0.475025,0.54705,0.713221,0.698511,0.750624,0.12537862616591156,0.400367233902216,0.35026999999999997,0.542952,0.207702
104,N,0,0.4309,0.611,0.707965,0.707965,0.6618338609000001,0.9156417381,0.7902389879999999,0.7835,0.76622,0.41046499999999997,0.47464799999999996,0.549666,0.57095,0.798629,0.77275,0.76622,0.1305108538363129,0.3211130388081074,0.348357,0.595776,0.240959
105,S,0,0.4576,0.613,0.791621,0.791621,0.7461011184,0.920903418,0.7663871602,0.7952,0.781155,0.476803,0.546774,0.544466,0.6162880000000001,0.840493,0.8183590000000001,0.781155,0.1265362878330052,0.3332353644073009,0.346846,0.6464340000000001,0.269378
106,K,0,0.4823,0.626,0.84206,0.84206,0.8162039738,0.9208394973999999,0.7288247233,0.8072,0.797604,0.5593319999999999,0.553183,0.604879,0.6706850000000001,0.8865649999999999,0.849183,0.797604,0.12421564990654588,0.2946670912206173,0.349078,0.685246,0.308254
107,L,0,0.5046,0.6679999999999999,0.859585,0.859585,0.8429606053,0.9000122019,0.7056075831,0.8189,0.8171930000000001,0.579629,0.548927,0.530238,0.646786,0.847514,0.812213,0.8171930000000001,0.12141145812347533,0.2770289368927479,0.349273,0.712171,0.334475
108,D,0,0.5409,0.665,0.8740690000000001,0.8740690000000001,0.8697422778,0.8758138498,0.6125869391,0.831,0.8303370000000001,0.637137,0.560994,0.5925819999999999,0.6762020000000001,0.865433,0.831641,0.8303370000000001,0.12285800999961792,0.2522627450525761,0.348046,0.722396,0.39519499999999996
109,P,0,0.5746,0.659,0.8740690000000001,0.8740690000000001,0.8990518879,0.8525921562000001,0.5852788599000001,0.8431,0.846778,0.665597,0.62774,0.618082,0.714953,0.907242,0.8516610000000001,0.846778,0.1279158485122025,0.3775457702577114,0.349526,0.727509,0.422944
110,R,0,0.6142,0.677,0.8740690000000001,0.8740690000000001,0.9077813672,0.8293912606999999,0.5688965438,0.856,0.8622059999999999,0.7158800000000001,0.6544449999999999,0.601599,0.7401909999999999,0.905647,0.8518110000000001,0.8622059999999999,0.13169089355506006,0.4076476767659187,0.350506,0.7354229999999999,0.46785200000000005
111,P,0,0.6517,0.6729999999999999,0.8740690000000001,0.8740690000000001,0.9142992615000001,0.8083150631,0.5497292989,0.8687,0.8782530000000001,0.755844,0.654485,0.633304,0.7681899999999999,0.9108719999999999,0.8702770000000001,0.8782530000000001,0.13964479346759615,0.4065336138010025,0.349521,0.727119,0.49495600000000006
112,P,0,0.6873,0.6859999999999999,0.8681180000000001,0.8681180000000001,0.9164441742,0.8112296365,0.5537683077000001,0.8797,0.8931129999999999,0.8621139999999999,0.6795220000000001,0.687521,0.815729,0.9438290000000001,0.893932,0.8931129999999999,0.14705684618093073,0.443705290555954,0.35055,0.740211,0.538924
113,V,0,0.7158,0.718,0.823549,0.823549,0.9177893654000001,0.8186144097,0.6441887117,0.8887,0.9020370000000001,0.948262,0.7016319999999999,0.698318,0.858715,0.963147,0.9117870000000001,0.9020370000000001,0.1489798673428595,0.4656501784920693,0.348618,0.729036,0.572571
114,E,0,0.7408,0.6920000000000001,0.889439,0.889439,0.9162575297,0.832585248,0.6499825779,0.8965,0.909385,0.97034,0.784064,0.725978,0.8858090000000001,0.9668469999999999,0.9222370000000001,0.909385,0.1489307782612741,0.4722803235054016,0.35237399999999997,0.742196,0.634409
115,E,0,0.7625,0.665,0.9012690000000001,0.9012690000000001,0.9134801776,0.8446883698000001,0.6699821624,0.9049,0.917344,1.030268,0.862348,0.730651,0.938312,0.972036,0.920825,0.917344,0.15116564347408712,0.4691785424947738,0.355944,0.737105,0.6531239999999999
116,P,0,0.78,0.654,0.908098,0.908098,0.9139899484,0.8442765885,0.6915125468000001,0.9133,0.927939,1.103711,0.781393,0.789972,0.9621350000000001,0.9748370000000001,0.919701,0.927939,0.156126803252846,0.471802867949009,0.35888200000000003,0.715355,0.71187
117,P,0,0.795,0.6679999999999999,0.9150739999999999,0.9150739999999999,0.9165945373000001,0.8472439539,0.7820241842,0.9213,0.935242,1.182682,0.809237,0.8272930000000001,0.998676,0.976785,0.9237190000000001,0.935242,0.15003495034761727,0.4530906304717064,0.357006,0.699117,0.7038800000000001
118,P,0,0.8078,0.682,0.948786,0.948786,0.9147222818999999,0.8656049486,0.8079939368000001,0.9291,0.942744,1.220138,0.8243799999999999,0.8479040000000001,1.036891,0.976627,0.923276,0.942744,0.1479837845545262,0.4163984954357147,0.358037,0.704545,0.705753
119,A,0,0.8177,0.691,0.94331,0.94331,0.9106649848999999,0.8839382229,0.8229370268999999,0.9367,0.953649,1.290653,0.842333,0.926824,1.104718,0.981139,0.9317110000000001,0.953649,0.1471055718138814,0.4454179182648659,0.35863,0.693028,0.711947
120,V,0,0.8244,0.696,0.9346180000000001,0.9346180000000001,0.9037080687000001,0.8999910464,0.8363156158,0.9435,0.960694,1.34202,0.838255,0.9285959999999999,1.111774,0.9841190000000001,0.9416950000000001,0.960694,0.14890615828335285,0.4533459022641182,0.35943800000000004,0.705669,0.7046560000000001
121,E,0,0.8321,0.7090000000000001,0.93079,0.93079,0.8984038012000001,0.9105802476,0.8093464398000001,0.9486,0.962716,1.310989,0.768625,0.9298850000000001,1.091053,0.981701,0.938931,0.962716,0.14893443533219394,0.4516871199011802,0.3585,0.7256279999999999,0.710349
122,T,0,0.8399,0.7340000000000001,0.9150739999999999,0.9150739999999999,0.8927363426,0.9109393506,0.7494473435,0.9526,0.967551,1.287924,0.767364,0.906466,1.075322,0.977175,0.9311159999999999,0.967551,0.14092986611649394,0.4451276026666165,0.359618,0.724262,0.702183
123,V,0,0.8463,0.7509999999999999,0.9150739999999999,0.9150739999999999,0.8899746905,0.9110470226999999,0.7280586013,0.9557,0.9729399999999999,1.245771,0.754883,0.8920469999999999,1.041617,0.9747879999999999,0.9265209999999999,0.9729399999999999,0.14236807031556964,0.4369522109627724,0.360198,0.753135,0.688493
124,S,0,0.8532,0.742,0.94331,0.94331,0.8871263688,0.9210230886,0.6345103428,0.959,0.975159,1.267881,0.8363729999999999,0.953367,1.0900379999999998,0.9803209999999999,0.938234,0.975159,0.14612306840717793,0.4409777708351612,0.362155,0.78495,0.7025319999999999
125,P,0,0.8601,0.741,0.951925,0.951925,0.8845174645,0.9203377328,0.5408362934000001,0.962,0.977391,1.265679,0.7807970000000001,0.895458,1.053051,0.97608,0.933161,0.977391,0.14675879222340882,0.4388173334300518,0.361874,0.80762,0.684359
126,E,0,0.8668,0.753,0.9534219999999999,0.9534219999999999,0.8797775116,0.9200248859000001,0.44745004689999995,0.965,0.9801209999999999,1.303201,0.723668,0.883544,1.051823,0.9715889999999999,0.927132,0.9801209999999999,0.16268777661025524,0.44999973848462105,0.365546,0.8352799999999999,0.6834359999999999
127,G,0,0.8717,0.763,0.939629,0.939629,0.8788754478,0.8989413647,0.35396700840000006,0.9675,0.981783,1.287595,0.759999,0.918668,1.0792549999999999,0.9745370000000001,0.932443,0.981783,0.20209521963261068,0.4370176158845425,0.370035,0.83906,0.679446
128,R,0,0.8738,0.757,0.93079,0.93079,0.8776498677,0.8784837561,0.2601780589,0.9694,0.982547,1.346622,0.83915,0.9247299999999999,1.132765,0.9798379999999999,0.934443,0.982547,0.1909654918126762,0.4593050107359886,0.368979,0.8313790000000001,0.656624
129,G,0,0.8751,0.759,0.9190290000000001,0.9190290000000001,0.8774943862000001,0.8578811386,0.1713068953,0.9708,0.9832190000000001,1.354466,0.9129959999999999,0.8999,1.148725,0.9808709999999999,0.934175,0.9832190000000001,0.1836432626005262,0.4582437910139561,0.366437,0.812226,0.6415930000000001
130,E,0,0.8734,0.772,0.9329270000000001,0.9329270000000001,0.8768914556999999,0.8392558756999999,0.1059306833,0.9716,0.9835879999999999,1.309099,0.896278,0.936644,1.133993,0.982667,0.937018,0.9835879999999999,0.16478489362634718,0.4636126086115837,0.366081,0.792987,0.6429050000000001
131,K,0,0.8708,0.7809999999999999,0.926919,0.926919,0.8738798283,0.8206751164,0.0716644072,0.9719,0.982693,1.2333479999999999,0.8460709999999999,0.725707,1.008192,0.979634,0.926861,0.982693,0.15091915568336844,0.4572001956403256,0.36432,0.7754260000000001,0.6380060000000001
132,R,0,0.8666,0.795,0.88723,0.88723,0.8692130789,0.7987160422,1e-10,0.9717,0.981927,1.22806,0.865864,0.761688,1.0301049999999998,0.9810040000000001,0.9341360000000001,0.981927,0.14314218680374324,0.4494560360908508,0.36744699999999997,0.755832,0.627254
133,P,0,0.8599,0.7979999999999999,0.88723,0.88723,0.8658785158,0.778814687,0.0165036139,0.9714,0.980927,1.22097,0.887388,0.800445,1.054033,0.981626,0.9404520000000001,0.980927,0.1302821442950517,0.4412454403936863,0.363816,0.743387,0.5976739999999999
134,R,0,0.8511,0.812,0.926919,0.926919,0.8643588053,0.7785436953,0.10378269400000001,0.9709,0.979669,1.229529,0.913054,0.771053,1.053102,0.983635,0.945781,0.979669,0.11403110483661295,0.43459513410925865,0.366156,0.725259,0.566029
135,P,0,0.8415,0.813,0.879233,0.879233,0.8642293828000001,0.7808958127,0.197317787,0.9699,0.978333,1.176691,0.813245,0.7276229999999999,0.976672,0.978712,0.933592,0.978333,0.11290367203764615,0.4115292504429817,0.367089,0.702778,0.537365
136,D,0,0.8312,0.82,0.8713129999999999,0.8713129999999999,0.8645820717,0.7883080088,0.291301064,0.9685,0.9760969999999999,1.1933120000000002,0.775939,0.690936,0.948106,0.975643,0.926184,0.9760969999999999,0.10374463838525116,0.3122568801045418,0.36439,0.68528,0.5212859999999999
137,R,0,0.8202,0.8240000000000001,0.8681180000000001,0.8681180000000001,0.8608608744,0.800829095,0.3884796077,0.9663,0.973184,1.152181,0.779039,0.703819,0.93,0.9778030000000001,0.927142,0.973184,0.09923906438052654,0.2400866411626339,0.362985,0.6456970000000001,0.47045299999999995
138,E,0,0.8061,0.8190000000000001,0.88723,0.88723,0.8583352665999999,0.8144640673000001,0.4924069847,0.9629,0.9688680000000001,1.11624,0.7685109999999999,0.682669,0.9035200000000001,0.9751209999999999,0.917171,0.9688680000000001,0.09511125972494484,0.22340545803308487,0.361724,0.603009,0.423896
139,E,0,0.792,0.816,0.905695,0.905695,0.8632333690999999,0.8227937908,0.5760475526,0.9588,0.9623860000000001,1.048547,0.697687,0.689956,0.8596959999999999,0.966383,0.9006379999999999,0.9623860000000001,0.08999712765216827,0.2257895544171333,0.36141,0.5536310000000001,0.368725
140,T,0,0.7767,0.8140000000000001,0.903857,0.903857,0.8672648947,0.818386627,0.6351513439,0.9527,0.955152,1.126607,0.693679,0.72942,0.9030879999999999,0.97295,0.9161590000000001,0.955152,0.08892318792641163,0.2173636853694916,0.3675,0.514127,0.306384
141,L,0,0.7584,0.8109999999999999,0.83125,0.83125,0.8749881254,0.8170254664,0.7037941602,0.9453,0.944752,1.168239,0.698955,0.746188,0.921026,0.975875,0.926377,0.944752,0.08225652482360601,0.2090124748647213,0.371102,0.44630200000000003,0.264502
142,V,0,0.7381,0.794,0.84206,0.84206,0.8739683306999999,0.8157032539,0.7640123751000001,0.9372,0.932695,1.132663,0.65882,0.710554,0.869983,0.968815,0.915773,0.932695,0.07784660905599594,0.2131197080016136,0.369908,0.38607600000000003,0.23478000000000002
143,T,0,0.7277,0.774,0.852992,0.852992,0.8687095622,0.8091033737000001,0.6927514440000001,0.9284,0.9207,1.188126,0.687397,0.762135,0.909839,0.9761790000000001,0.926135,0.9207,0.07978556025773287,0.2278604358434677,0.370424,0.36688699999999996,0.217338
144,Q,0,0.7232,0.779,0.8013170000000001,0.8013170000000001,0.8538308452,0.8222118040999999,0.6683401063000001,0.918,0.912159,1.266404,0.717068,0.7850550000000001,0.961622,0.9831129999999999,0.9431879999999999,0.912159,0.08617889042943716,0.2697966657578945,0.36966,0.360919,0.20130499999999998
145,I,0,0.724,0.789,0.73685,0.73685,0.8312888895999999,0.8351180497,0.66466099,0.9042,0.9005989999999999,1.251257,0.652777,0.695674,0.9067790000000001,0.9717,0.9257920000000001,0.9005989999999999,0.0832326072268188,0.3026798777282238,0.372805,0.382767,0.18420799999999998
146,D,0,0.7242,0.782,0.699094,0.699094,0.8202764334,0.8427855068000001,0.6064759867,0.8895,0.883965,1.174553,0.655482,0.654123,0.861872,0.962841,0.9095620000000001,0.883965,0.08629098813980818,0.2314322367310524,0.37438,0.411904,0.181482
147,E,0,0.7274,0.775,0.690604,0.690604,0.8080683878,0.8481577336,0.6056808747,0.8749,0.870576,1.180742,0.6348229999999999,0.616754,0.838952,0.9605379999999999,0.9069870000000001,0.870576,0.08948522433638573,0.3337706811726093,0.37893899999999997,0.409315,0.17033099999999998
148,P,0,0.732,0.785,0.694846,0.694846,0.7924687554000001,0.8560655509,0.6100890782,0.862,0.8598469999999999,1.21344,0.657894,0.6514310000000001,0.8703059999999999,0.959018,0.909492,0.8598469999999999,0.08913044212386012,0.3847378231585026,0.38350700000000004,0.416558,0.14348699999999998
149,P,0,0.7373,0.787,0.59917,0.59917,0.7851717666,0.8643388474,0.5638188738000001,0.8506,0.845527,1.119964,0.654453,0.5613,0.8171039999999999,0.949256,0.885287,0.845527,0.08827134105376899,0.3774411380290985,0.384861,0.39593,0.126719
150,S,0,0.7416,0.7859999999999999,0.626927,0.626927,0.7780409468,0.8686862273999999,0.5302153383,0.8422,0.837793,1.108745,0.6506890000000001,0.592495,0.821491,0.949831,0.890493,0.837793,0.09119522524997592,0.2914719507098198,0.38650999999999996,0.371523,0.117066
151,Y,0,0.7456,0.7909999999999999,0.626927,0.626927,0.777760528,0.8328557337000001,0.5296582701,0.8357,0.8343370000000001,1.081872,0.616735,0.52954,0.768872,0.935156,0.8618709999999999,0.8343370000000001,0.09480688348412514,0.28879355639219284,0.387429,0.34163499999999997,0.118777
152,E,0,0.7468,0.769,0.716283,0.716283,0.7822566525,0.7985591823999999,0.5986064794,0.8303,0.8291440000000001,0.9953360000000001,0.601621,0.5025890000000001,0.720303,0.9105190000000001,0.818029,0.8291440000000001,0.0972763968165964,0.2273373194038868,0.38711,0.307669,0.113548
153,E,0,0.7498,0.7559999999999999,0.779859,0.779859,0.7993622064,0.7590599106,0.6122357449,0.8239,0.820642,0.911667,0.523887,0.46007200000000004,0.667295,0.87871,0.7501220000000001,0.820642,0.09881149674765766,0.2096428479999304,0.386409,0.296819,0.0961193
154,A,0,0.7485,0.782,0.805026,0.805026,0.8325503697,0.7320202477,0.6330426953,0.8166,0.8180529999999999,0.875725,0.513358,0.438921,0.6408149999999999,0.828758,0.6901609999999999,0.8180529999999999,0.09844689560122788,0.2360153421759605,0.385325,0.298494,0.0875678
155,L,0,0.7445,0.782,0.712013,0.712013,0.8558919151000001,0.7016185514,0.7051602659999999,0.8088,0.812404,0.811868,0.516034,0.41239799999999993,0.621069,0.840002,0.688525,0.812404,0.10077873663976787,0.2890819609165192,0.383841,0.327822,0.0815015
156,K,0,0.739,0.757,0.779859,0.779859,0.8749142354,0.6539516919,0.7130589776999999,0.8019,0.804445,0.804707,0.49254,0.33913499999999996,0.587129,0.681025,0.556949,0.804445,0.10209950618445872,0.2380287051200867,0.38519000000000003,0.378272,0.0866799
157,Q,0,0.7383,0.753,0.791621,0.791621,0.8877137605,0.6218808714,0.6251186001,0.7962,0.79691,0.7676470000000001,0.549926,0.320873,0.578475,0.675597,0.565347,0.79691,0.09794905525632204,0.2345704548060894,0.385899,0.42428,0.0817404
158,G,1,0.7366,0.767,0.767246,0.767246,0.8916954120999999,0.6086781729999999,0.7233933503,0.7915,0.793953,0.747436,0.547085,0.277593,0.574024,0.762878,0.616371,0.793953,0.10024881595745684,0.2411736659705639,0.378954,0.49016800000000005,0.0788885
159,L,1,0.7331,0.8009999999999999,0.712013,0.712013,0.8868844483,0.5996685302,0.7994590909,0.7866,0.788413,0.668127,0.503691,0.228425,0.50739,0.6138060000000001,0.502884,0.788413,0.09907033247873187,0.25284518674016,0.385825,0.543714,0.0621052
160,P,1,0.7262,0.816,0.685117,0.685117,0.9001584431,0.614836678,0.8343938801,0.782,0.785138,0.623376,0.472371,0.20692399999999997,0.466602,0.550982,0.47978699999999996,0.785138,0.09574462473392488,0.2275112047791481,0.38456599999999996,0.5838869999999999,0.054363699999999994
161,T,1,0.7199,0.843,0.690604,0.690604,0.9121552561,0.5883876805,0.8605373993000001,0.7781,0.782921,0.598154,0.420346,0.211391,0.450113,0.45691400000000004,0.39792,0.782921,0.10206095851026477,0.3444714955985546,0.380606,0.6188100000000001,0.049140300000000005
162,T,1,0.7123,0.8540000000000001,0.720929,0.720929,0.919520624,0.5419995044,0.8888941915,0.7753,0.781533,0.66179,0.413684,0.223097,0.473742,0.5394180000000001,0.45538199999999995,0.781533,0.10201004659757018,0.4102496728301048,0.378346,0.630012,0.0452111
163,R,1,0.7047,0.86,0.632174,0.632174,0.9194058412999999,0.47444266079999997,0.8888913015000001,0.7729,0.7822100000000001,0.673171,0.371768,0.25208,0.480813,0.543586,0.4608,0.7822100000000001,0.09200759208761156,0.40278642624616623,0.37890999999999997,0.638894,0.0411777
164,P,1,0.6958,0.8440000000000001,0.632174,0.632174,0.9235613747,0.42113345420000003,0.8888443479000001,0.7709,0.770947,0.717726,0.388563,0.246048,0.505818,0.659717,0.5247069999999999,0.770947,0.08926600031554699,0.37276623025536537,0.377809,0.651241,0.0360744
165,I,1,0.692,0.851,0.6661050000000001,0.6661050000000001,0.9308980026000001,0.3853357895,0.7778382697,0.7684,0.763075,0.763092,0.381394,0.226642,0.519191,0.732068,0.5738310000000001,0.763075,0.09212080482393503,0.37622132524847984,0.37588,0.6343810000000001,0.032634699999999996
166,A,1,0.6901,0.802,0.754692,0.754692,0.9412415791,0.33495899219999997,0.8884256840000001,0.7653,0.7586350000000001,0.825318,0.460758,0.27664099999999997,0.586853,0.8436319999999999,0.711806,0.7586350000000001,0.09201575862243773,0.350814301520586,0.380763,0.644022,0.0299606
167,P,1,0.6876,0.768,0.771762,0.771762,0.9492574034000001,0.2700157881,0.8884001658,0.7613,0.750858,0.749124,0.544357,0.221557,0.566103,0.827572,0.69539,0.750858,0.09448029845952988,0.3015674240887165,0.38177300000000003,0.654827,0.028576400000000002
168,M,1,0.6888,0.8029999999999999,0.791621,0.791621,0.9575173599,0.1920752579,0.7772951444,0.7576,0.756417,0.740038,0.456992,0.22046500000000002,0.5355300000000001,0.7977569999999999,0.664989,0.756417,0.09620981849730016,0.28438301384449005,0.381771,0.683028,0.028371800000000003
169,A,1,0.6854,0.81,0.720929,0.720929,0.9331025327,0.12819472269999999,0.6661955945,0.7541,0.7559100000000001,0.697657,0.43810699999999997,0.22314699999999998,0.508095,0.731583,0.6112479999999999,0.7559100000000001,0.09960078191943468,0.3211914636194706,0.38468,0.672311,0.0292217
170,T,1,0.684,0.812,0.8013170000000001,0.8013170000000001,0.9322821803,0.1066797285,0.5550857171,0.7519,0.749166,0.652292,0.445276,0.24255300000000002,0.49472200000000005,0.665571,0.56507,0.749166,0.10216440702788533,0.3032231852412224,0.388225,0.675145,0.029472900000000003
171,G,1,0.6812,0.818,0.694846,0.694846,0.9317246936,0.08760995070000001,0.4439759041,0.7522,0.741146,0.641051,0.479966,0.242536,0.508649,0.65978,0.590657,0.741146,0.10492729116231203,0.3672934100031853,0.383432,0.680601,0.0296622
172,V,1,0.6768,0.8109999999999999,0.707965,0.707965,0.9340698265999999,0.07672289809999999,0.3328676831,0.7548,0.745572,0.712522,0.505401,0.402401,0.618206,0.753778,0.698782,0.745572,0.10702830203808844,0.3697669692337513,0.38961999999999997,0.686457,0.030522900000000006
173,L,1,0.6737,0.8220000000000001,0.6182850000000001,0.6182850000000001,0.9348591643999999,0.054463326500000006,0.2218035256,0.7577,0.7519979999999999,0.7055359999999999,0.49740100000000004,0.385327,0.610012,0.800078,0.736776,0.7519979999999999,0.10755657288245857,0.3556276001036167,0.39312199999999997,0.70621,0.032919300000000006
174,G,1,0.6709,0.84,0.657645,0.657645,0.9340980542,0.033437199300000005,0.22177862690000003,0.7611,0.75694,0.605978,0.47346499999999997,0.367352,0.566014,0.754629,0.7008810000000001,0.75694,0.10797730903141199,0.3576239049434662,0.389625,0.702299,0.0370697
175,Q,1,0.6626,0.8420000000000001,0.657645,0.657645,0.931661884,0.012704138,0.1110828189,0.7658,0.762809,0.616905,0.398094,0.41323999999999994,0.564955,0.7307140000000001,0.6831430000000001,0.762809,0.10987243009731174,0.3859588541090488,0.390328,0.705335,0.03996369999999999
176,H,1,0.6513,0.833,0.784345,0.784345,0.9344493303,0.0,0.0,0.7738,0.797238,0.687492,0.46613699999999997,0.401494,0.605543,0.834413,0.763995,0.797238,0.11268276232294737,0.36571238934993744,0.39714299999999997,0.704168,0.0412622
177,T,1,0.6402,0.8490000000000001,0.784345,0.784345,0.9441323698,0.0521975713,0.08555599720000001,0.7831,0.808912,0.640544,0.472808,0.380548,0.5853510000000001,0.8193870000000001,0.762576,0.808912,0.1099203226622194,0.3304631747305393,0.395045,0.6968260000000001,0.043339300000000004
178,P,1,0.6259,0.8320000000000001,0.771762,0.771762,0.9561300221,0.0773077595,0.1663330343,0.7931,0.8206040000000001,0.6867439999999999,0.464837,0.359856,0.597792,0.848474,0.77633,0.8206040000000001,0.11100306501612067,0.2901541404426098,0.391805,0.687808,0.0434761
179,V,1,0.6182,0.8390000000000001,0.7950619999999999,0.7950619999999999,0.9581233259,0.10307054369999999,0.21448987989999999,0.8019,0.8200930000000001,0.679525,0.457229,0.38489,0.597708,0.8463790000000001,0.781047,0.8200930000000001,0.10811816807836294,0.3634813912212849,0.391137,0.6669609999999999,0.0442014
180,T,1,0.6132,0.8320000000000001,0.823549,0.823549,0.9611000282,0.1725662116,0.30798020789999997,0.8094,0.824384,0.666968,0.534166,0.341512,0.600588,0.859131,0.796361,0.824384,0.10481679532676937,0.3776844143867493,0.389698,0.664773,0.0432615
181,L,1,0.6159,0.8590000000000001,0.8279270000000001,0.8279270000000001,0.9549659124,0.2555263935,0.4020481451,0.8141,0.825942,0.584781,0.50825,0.324614,0.5531739999999999,0.7775989999999999,0.72523,0.825942,0.09991249535232782,0.4017973393201828,0.389295,0.657004,0.043899400000000005
182,D,1,0.6212,0.858,0.81615,0.81615,0.9533940614,0.34167282,0.495402876,0.8174,0.857302,0.543383,0.502749,0.30748400000000004,0.534974,0.729236,0.6765369999999999,0.857302,0.09784278552979232,0.400109838694334,0.390862,0.655929,0.0463465
183,L,1,0.6365,0.871,0.889439,0.889439,0.9563587372,0.42781924649999997,0.5887576068,0.8201,0.867059,0.499,0.500115,0.294953,0.5201100000000001,0.682767,0.633876,0.867059,0.09977149148471652,0.4078957214951515,0.397552,0.6692,0.0518503
184,P,1,0.649,0.848,0.8966200000000001,0.8966200000000001,0.9602355252,0.5389277347,0.6793917177,0.8244,0.875841,0.421659,0.49256099999999997,0.277074,0.504711,0.6847840000000001,0.653099,0.875841,0.09914959757588804,0.3912369795143604,0.400989,0.6809529999999999,0.058771000000000004
185,P,1,0.662,0.855,0.849326,0.849326,0.9630569487,0.6474241839,0.7389748309,0.8303,0.883699,0.45661999999999997,0.48123,0.297635,0.492675,0.613065,0.592738,0.883699,0.10066085681319237,0.40775102376937866,0.401438,0.684375,0.0665924
186,P,1,0.6712,0.841,0.8654540000000001,0.8654540000000001,0.9656080733,0.7017832797,0.7318111284000001,0.8371,0.894789,0.507626,0.5713739999999999,0.364917,0.572878,0.772699,0.7220300000000001,0.894789,0.10924290912225842,0.42677632719278336,0.403829,0.7001390000000001,0.07161100000000001
187,A,1,0.6798,0.8540000000000001,0.862302,0.862302,0.9820378094,0.7780996831999999,0.7440542808,0.8435,0.90149,0.553281,0.538193,0.42115699999999995,0.5870479999999999,0.808408,0.742746,0.90149,0.11127417371608317,0.4416469968855381,0.41145200000000004,0.696451,0.0749928
188,D,1,0.6802,0.857,0.8765209999999999,0.8765209999999999,0.9847244261,0.8565516036,0.7861340258,0.8489,0.907805,0.577023,0.537643,0.459,0.587553,0.791118,0.722116,0.907805,0.11637691874057055,0.4442162439227104,0.413499,0.708378,0.0759434
189,T,1,0.6788,0.863,0.859585,0.859585,0.9859935494,0.8861605992,0.7867481370999999,0.8537,0.912243,0.49657700000000005,0.534518,0.414682,0.5455800000000001,0.761087,0.7209,0.912243,0.12242912780493498,0.447537399828434,0.420504,0.683592,0.073446
190,Q,1,0.6683,0.866,0.891961,0.891961,0.9925818524,0.901682632,0.7868489015000001,0.8588,0.9170309999999999,0.531013,0.5121180000000001,0.48820399999999997,0.572291,0.8193959999999999,0.760891,0.9170309999999999,0.1224766136147082,0.4475692324340344,0.41872600000000004,0.663644,0.0714532
191,Q,1,0.6511,0.871,0.8461629999999999,0.8461629999999999,0.9940449498999999,0.8996260684,0.8046052817,0.8636,0.9178430000000001,0.5044350000000001,0.46139399999999997,0.494759,0.557316,0.795046,0.7340720000000001,0.9178430000000001,0.11951293819583952,0.4508001133799553,0.413682,0.614971,0.06526359999999999
192,K,1,0.6264,0.868,0.856457,0.856457,0.9936600992,0.8968454746,0.822361662,0.8678,0.9180940000000001,0.557709,0.47753,0.5636260000000001,0.5914659999999999,0.8295680000000001,0.765734,0.9180940000000001,0.1283273557201028,0.4439923316240311,0.41830200000000006,0.547555,0.05908480000000001
193,P,1,0.5987,0.87,0.788093,0.788093,0.992113707,0.8681555604000001,0.8428386426000001,0.8706,0.918948,0.661229,0.50521,0.622078,0.6420779999999999,0.8734930000000001,0.818583,0.918948,0.11977916676551105,0.4499293230473995,0.40981599999999996,0.503394,0.0522971
194,V,1,0.5726,0.8759999999999999,0.859585,0.859585,0.9904052755,0.8420095175,0.8943666403,0.8727,0.911638,0.6486729999999999,0.582146,0.5787,0.644958,0.887043,0.837319,0.911638,0.11311996076256035,0.4443174377083777,0.413783,0.47826199999999996,0.0472175
195,L,1,0.5522,0.882,0.8279270000000001,0.8279270000000001,0.9889198491,0.8178032567,0.9270854566,0.874,0.9013549999999999,0.594645,0.608125,0.578732,0.641359,0.884547,0.8517520000000001,0.9013549999999999,0.11123084533028303,0.4314715191721916,0.41607700000000003,0.440096,0.0443089
196,P,1,0.5306,0.87,0.8279270000000001,0.8279270000000001,0.9884030842,0.7988057695999999,0.945176372,0.8759,0.9102,0.587683,0.5909270000000001,0.606792,0.647781,0.8959809999999999,0.8683690000000001,0.9102,0.10839759651571512,0.4290814697742462,0.41636599999999996,0.4025,0.0438928
197,G,1,0.5087,0.875,0.798249,0.798249,0.9862689551999999,0.7768722767,0.9660508199,0.8782,0.9093610000000001,0.561782,0.601126,0.654469,0.652021,0.9061,0.8760190000000001,0.9093610000000001,0.10664265928789972,0.41619463637471205,0.416508,0.351515,0.052906299999999996
198,P,1,0.4796,0.858,0.81615,0.81615,0.9846200476000001,0.7607120654,0.9830570065,0.8812,0.899224,0.602533,0.621577,0.6542979999999999,0.6812779999999999,0.920702,0.886702,0.899224,0.10957717103883624,0.3983360230922699,0.418993,0.306736,0.054678899999999996
199,T,1,0.4536,0.8640000000000001,0.784345,0.784345,0.9838879599,0.7369457898999999,0.9999994129,0.884,0.8809600000000001,0.6172449999999999,0.629703,0.706051,0.6918770000000001,0.9266059999999999,0.890659,0.8809600000000001,0.11254543205723166,0.38433142751455307,0.420818,0.2378,0.0476242
200,A,1,0.4304,0.867,0.7755449999999999,0.7755449999999999,0.9818694102,0.7335470325,0.9999992741,0.8876,0.8840969999999999,0.648315,0.644426,0.768551,0.7309869999999999,0.956465,0.9109450000000001,0.8840969999999999,0.1175921824760735,0.3996542282402515,0.418782,0.187382,0.035395300000000005
201,V,1,0.4056,0.868,0.694846,0.694846,0.9809922405,0.7128788293,0.9999992165,0.8901,0.8907129999999999,0.618063,0.597234,0.7807649999999999,0.72012,0.9509770000000001,0.908795,0.8907129999999999,0.12123011890798807,0.4297802895307541,0.42295900000000003,0.130724,0.029983499999999996
202,V,1,0.398,0.861,0.680603,0.680603,0.9821411915,0.6482179767,0.9999991475,0.8914,0.891349,0.7001029999999999,0.676534,0.825792,0.77495,0.963297,0.917997,0.891349,0.12478579254820946,0.4153183177113533,0.432162,0.0986672,0.0294254
203,V,1,0.4025,0.8690000000000001,0.685117,0.685117,0.983338706,0.583534618,0.9999990290999999,0.8903,0.8930379999999999,0.705425,0.752804,0.8048489999999999,0.79373,0.9687100000000001,0.9261799999999999,0.8930379999999999,0.13024550024420026,0.4100949317216873,0.433216,0.100076,0.033599199999999996
204,T,1,0.415,0.87,0.626927,0.626927,0.984606034,0.5259628483,0.9999464129000001,0.8889,0.8990870000000001,0.687204,0.801293,0.786403,0.794305,0.963516,0.919457,0.8990870000000001,0.13200983870774508,0.375725232064724,0.43624399999999997,0.130623,0.0397722
205,R,1,0.4328,0.878,0.675549,0.675549,0.9853661203,0.49449364090000003,0.9990277106000001,0.8868,0.9036059999999999,0.602015,0.8121510000000001,0.757922,0.758883,0.962259,0.9176209999999999,0.9036059999999999,0.1409302121028304,0.3857960887253285,0.441601,0.171192,0.049647000000000004
206,P,1,0.4534,0.888,0.745909,0.745909,0.9876972272,0.49465649409999995,0.9989279816,0.8853,0.8874139999999999,0.544892,0.8067300000000001,0.812775,0.757292,0.96715,0.917582,0.8874139999999999,0.14038572134450078,0.3774234764277935,0.446482,0.212329,0.0592279
207,S,1,0.474,0.9,0.720929,0.720929,0.9897015466,0.4956036528,0.9988722243000001,0.8843,0.889036,0.508951,0.7962020000000001,0.791624,0.730812,0.962609,0.9110149999999999,0.889036,0.1430824394337833,0.4057520590722561,0.454546,0.22235,0.0678971
208,R,1,0.4888,0.909,0.745909,0.745909,0.9909395272,0.5047985365,0.9986850212,0.8839,0.8885299999999999,0.5453359999999999,0.750775,0.8107310000000001,0.723017,0.959261,0.903816,0.8885299999999999,0.14402310270816088,0.4157968014478684,0.450733,0.21872399999999997,0.0729466
209,A,1,0.4987,0.9129999999999999,0.712013,0.712013,0.9940582873999999,0.5086451511,0.9986775395,0.8837,0.878769,0.333604,0.8239219999999999,0.705924,0.612788,0.938941,0.876948,0.878769,0.14735725312493742,0.4405881464481354,0.455773,0.209258,0.075518
210,S,1,0.5037,0.904,0.7035779999999999,0.7035779999999999,0.9960356676000001,0.5299410442,0.9986099623,0.8835,0.884674,0.32521,0.855174,0.730982,0.632897,0.947616,0.883057,0.884674,0.15455915685743093,0.4309231862425804,0.46085699999999996,0.23831799999999997,0.0774442
211,L,1,0.5122,0.9009999999999999,0.648219,0.648219,0.9966610590999999,0.5953335355,0.9727936583,0.8836,0.883625,0.311822,0.84415,0.768939,0.646501,0.9374020000000001,0.8872690000000001,0.883625,0.1554989933501929,0.4404737129807472,0.470491,0.26374699999999995,0.08118389999999999
212,R,1,0.5272,0.893,0.712013,0.712013,0.9978165897,0.6609969306,0.9222519853,0.8841,0.8878280000000001,0.31598200000000004,0.816966,0.750404,0.631125,0.928582,0.8838030000000001,0.8878280000000001,0.15567328641191125,0.3880417123436928,0.474754,0.322714,0.0893791
213,R,1,0.5428,0.893,0.798249,0.798249,0.9983058576999999,0.7194948173000001,0.9222956364,0.8837,0.888713,0.22741799999999998,0.77282,0.773091,0.604617,0.917257,0.876218,0.888713,0.15331712365150452,0.4107607379555702,0.48319300000000004,0.387948,0.0976425
214,A,1,0.5587,0.904,0.798249,0.798249,0.9985440106,0.7523233653,0.9231997456000001,0.8813,0.884466,0.163865,0.752423,0.786438,0.577887,0.900467,0.857593,0.884466,0.1515924083068967,0.4115506075322628,0.486756,0.42776499999999995,0.105511
215,A,1,0.5703,0.902,0.771762,0.771762,0.9975592742,0.7507014381,0.8121884362,0.8758,0.874906,0.189905,0.77198,0.8566860000000001,0.6226189999999999,0.911652,0.883235,0.874906,0.14843717380426824,0.43358002230525017,0.489975,0.499831,0.112946
216,S,1,0.5729,0.892,0.771762,0.771762,0.9969780782,0.7494447568000001,0.7011335675,0.869,0.862316,0.205812,0.753408,0.783317,0.5871109999999999,0.8704709999999999,0.8510979999999999,0.862316,0.15104581043124202,0.4223296120762825,0.490346,0.54848,0.11165499999999999
217,G,1,0.5659,0.887,0.750527,0.750527,0.9958633029,0.74824119,0.5902096627000001,0.8608,0.8539370000000001,0.11551900000000001,0.7352810000000001,0.778904,0.5487569999999999,0.839576,0.813988,0.8539370000000001,0.1561074450146407,0.4398336671292782,0.48961499999999997,0.555527,0.109526
218,P,1,0.5435,0.882,0.76285,0.76285,0.9952853776,0.7464450772,0.4791061721,0.8508,0.845036,0.11551900000000001,0.7352810000000001,0.778904,0.5487569999999999,0.839576,0.813988,0.845036,0.16962410463020205,0.4590566270053386,0.481735,0.5363979999999999,0.10466800000000001
219,R,1,0.5144,0.893,0.642678,0.642678,0.9867142812999999,0.7451752076,0.3680626958,0.8387,0.8295239999999999,0.041401,0.6706300000000001,0.796088,0.512115,0.813786,0.783537,0.8295239999999999,0.1749238669872284,0.4641278386116028,0.472954,0.5098159999999999,0.0975641
220,S,1,0.4773,0.899,0.675549,0.675549,0.9730273897,0.7447125377,0.28276797719999996,0.8264,0.806693,0.040841,0.685713,0.783039,0.520895,0.808327,0.786936,0.806693,0.16986720194108784,0.4654517769813538,0.470192,0.476837,0.0875855
221,L,1,0.4404,0.88,0.6711689999999999,0.6711689999999999,0.9624875906999999,0.7439753834,0.2221986577,0.8146,0.789024,0.037637000000000004,0.6549020000000001,0.804181,0.51584,0.772795,0.759725,0.789024,0.15600089984945953,0.4736149497330189,0.466987,0.425634,0.08135239999999999
222,R,1,0.418,0.851,0.750527,0.750527,0.9473077745999999,0.7434942629000001,0.11109651179999999,0.8025,0.766143,0.084284,0.678546,0.8253510000000001,0.538898,0.837562,0.789495,0.766143,0.14440215728245676,0.4659162908792496,0.46711800000000003,0.392253,0.07923730000000001
223,P,1,0.404,0.841,0.675549,0.675549,0.9222801114,0.7145272501000001,7.5e-09,0.7888,0.744458,0.10916400000000001,0.699217,0.897386,0.5849270000000001,0.861395,0.8258270000000001,0.744458,0.1382609806023538,0.4611968100070954,0.467959,0.343004,0.0811576
224,V,1,0.3918,0.8270000000000001,0.694846,0.694846,0.8983117125,0.6880598174,1.856e-07,0.7733,0.712633,0.123295,0.654658,0.922132,0.588924,0.875863,0.840777,0.712633,0.12944836635142565,0.33915188908576965,0.465636,0.309273,0.080961
225,A,1,0.3804,0.7979999999999999,0.712013,0.712013,0.8432972294,0.6319032667,1.0353599999999999e-05,0.7556,0.704435,0.17666800000000002,0.656358,0.919269,0.610088,0.8719530000000001,0.855873,0.704435,0.12470877938903867,0.3428809568285942,0.464933,0.27331300000000003,0.07565160000000001
226,S,1,0.3613,0.772,0.626927,0.626927,0.8137559422,0.5733759386,1.0353599999999999e-05,0.7366,0.693775,0.17666800000000002,0.656358,0.919269,0.610088,0.8719530000000001,0.855873,0.693775,0.12106767296791075,0.3656471483409405,0.458897,0.258222,0.06832569999999999
227,G,1,0.3366,0.773,0.553315,0.553315,0.7655708729999999,0.5068809173,1.0353900000000001e-05,0.716,0.6653939999999999,0.17844000000000002,0.676917,0.9909530000000001,0.635151,0.8720100000000001,0.8608040000000001,0.6653939999999999,0.11043561925180256,0.3456022292375565,0.45848500000000003,0.224144,0.06062080000000001
228,N,1,0.3002,0.7759999999999999,0.553315,0.553315,0.7421537483,0.44715848909999995,2.02842e-05,0.6949,0.6425529999999999,0.249261,0.691439,0.989416,0.648475,0.884516,0.8636719999999999,0.6425529999999999,0.10173884802497923,0.249031625688076,0.460258,0.189869,0.056536800000000005
229,W,1,0.2623,0.782,0.454136,0.454136,0.7476352823000001,0.3804935986,0.0063430292,0.6736,0.610133,0.188835,0.5797260000000001,0.920859,0.5814739999999999,0.832573,0.7893439999999999,0.610133,0.1041725967079401,0.245323296636343,0.45310600000000006,0.15800699999999998,0.0517971
230,Q,1,0.2283,0.767,0.458154,0.458154,0.7355720084,0.3190426114,0.028402847400000004,0.6546,0.5921029999999999,0.22724499999999997,0.44330299999999995,0.903486,0.539547,0.739587,0.712584,0.5921029999999999,0.09682053467258812,0.2530192844569683,0.448809,0.138534,0.0475119
231,S,1,0.1969,0.765,0.401658,0.401658,0.7368237231,0.2506415455,0.028402847400000004,0.6366,0.5783,0.24016300000000002,0.427097,0.855137,0.515158,0.7452,0.684193,0.5783,0.08682299964129925,0.185647027567029,0.439925,0.128672,0.0425226
232,T,1,0.1671,0.736,0.46524099999999996,0.46524099999999996,0.7220585148,0.2333812202,0.0284227021,0.6187,0.568666,0.264326,0.479325,0.8551270000000001,0.534509,0.759837,0.686628,0.568666,0.08623702265322207,0.17633660044521093,0.44073199999999996,0.142736,0.037061199999999996
233,L,1,0.1471,0.726,0.46524099999999996,0.46524099999999996,0.6717948029999999,0.2178071475,0.028422523999999998,0.5998,0.560602,0.202929,0.44711999999999996,0.803937,0.493834,0.696887,0.638263,0.560602,0.08111586375162005,0.16629388788715005,0.438046,0.150817,0.030931900000000002
234,N,1,0.1349,0.6970000000000001,0.37044499999999997,0.37044499999999997,0.6675694201,0.23507877100000002,0.0316990399,0.5859,0.554034,0.136949,0.414392,0.75193,0.452375,0.604445,0.5747909999999999,0.554034,0.07971902890130877,0.16902830079197886,0.428544,0.160327,0.026277699999999998
235,S,1,0.1262,0.675,0.418646,0.418646,0.6192097757,0.21091571120000002,0.0316990399,0.5761,0.548574,0.172155,0.385307,0.8021590000000001,0.471001,0.598169,0.586946,0.548574,0.08017720794305205,0.19636115804314613,0.420487,0.173576,0.0234129
236,I,1,0.1219,0.6829999999999999,0.440853,0.440853,0.5771704028,0.2291576025,0.0316990396,0.5705,0.52973,0.204675,0.359073,0.8624930000000001,0.495942,0.60541,0.610614,0.52973,0.090586069971323,0.1952865980565548,0.417038,0.172605,0.022255599999999997
237,V,1,0.1238,0.7020000000000001,0.44408100000000006,0.44408100000000006,0.5522102174,0.0,0.0,0.5634,0.513091,0.219139,0.337597,0.804512,0.466045,0.602925,0.569842,0.513091,0.0975489541888237,0.2302052266895771,0.429414,0.177703,0.0238865
238,G,1,0.1301,0.75,0.440853,0.440853,0.5453500095,0.0,0.0,0.5551,0.49426099999999995,0.208409,0.32092600000000004,0.837066,0.464983,0.597464,0.579546,0.49426099999999995,0.10339194862172008,0.2617248259484768,0.42465699999999995,0.184745,0.0266639
239,L,1,0.1375,0.866,0.359901,0.359901,0.5656903455,0.0,0.0,0.545,0.475058,0.132356,0.3076,0.8732120000000001,0.450721,0.5927060000000001,0.5602199999999999,0.475058,0.10630043735727668,0.2794402837753296,0.42277200000000004,0.194407,0.030691000000000003
240,G,1,0.1475,0.885,0.36309,0.36309,0.5739811723,0.0,0.0,0.533,0.47487299999999993,0.051039999999999995,0.264313,0.813819,0.400171,0.474807,0.48582,0.47487299999999993,0.1133053172379732,0.3368963971734047,0.42733000000000004,0.19702999999999998,0.0363149
241,V,1,0.1581,0.907,0.32860300000000003,0.32860300000000003,0.6050877581,0.0,0.0,0.5197,0.44814899999999996,0.061446,0.237645,0.747816,0.364061,0.467717,0.451031,0.44814899999999996,0.11955917021259665,0.3570419959723949,0.431012,0.20174,0.0432271
242,Q,1,0.171,0.905,0.301917,0.301917,0.6746124924,0.0,0.0,0.5045,0.465633,0.088228,0.30091799999999996,0.74341,0.384371,0.474342,0.44238299999999997,0.465633,0.12620130646973848,0.404463704675436,0.43354,0.200465,0.0506522
243,S,1,0.1811,0.847,0.264545,0.264545,0.7325018991,0.0,0.0,0.4874,0.462571,-0.005185,0.254492,0.6758029999999999,0.32805500000000004,0.34863099999999997,0.365411,0.462571,0.130017074290663,0.4084300808608532,0.43423599999999996,0.213363,0.061269399999999995
244,L,1,0.2026,0.818,0.30533000000000005,0.30533000000000005,0.8093623825,0.0,0.0,0.4696,0.464242,-0.118216,0.250635,0.735751,0.322831,0.395411,0.390258,0.464242,0.13942965725436807,0.3628659024834633,0.431917,0.21877,0.0751406
245,K,1,0.2242,0.852,0.257454,0.257454,0.8983449737,0.0,0.0,0.4529,0.486667,-0.072715,0.251195,0.769,0.34991500000000003,0.43403400000000003,0.42752799999999996,0.486667,0.1646209373138845,0.3644254393875599,0.4374,0.223298,0.0939092
246,R,1,0.2455,0.893,0.21930100000000002,0.21930100000000002,0.9544433293000001,0.0,0.0,0.4385,0.511321,-0.050989,0.22256399999999998,0.87372,0.395648,0.49201300000000003,0.48465,0.511321,0.18046064116060734,0.2726423889398575,0.435555,0.22920100000000002,0.122841
247,R,1,0.2719,0.929,0.284882,0.284882,0.9773812181,0.0,0.0,0.4244,0.5601149999999999,-0.042696,0.187935,0.794427,0.35084099999999996,0.48821899999999996,0.46022799999999997,0.5601149999999999,0.19557216437533495,0.29041266813874245,0.434385,0.24127800000000002,0.153909
248,R,1,0.3116,0.909,0.32860300000000003,0.32860300000000003,0.9801713179000001,0.0,0.0,0.4102,0.580742,-0.069262,0.157304,0.840368,0.34407,0.494475,0.48616499999999996,0.580742,0.20668361149728295,0.26572736352682114,0.41618999999999995,0.286426,0.186156
249,C,1,0.3489,0.912,0.278302,0.278302,0.9834727390000001,0.0,0.0,0.3973,0.627505,-0.048652999999999995,0.144077,0.829076,0.339238,0.47116099999999994,0.49081099999999994,0.627505,0.1992750084027648,0.22358625940978527,0.416166,0.302846,0.174808
250,F,1,0.4505,0.9059999999999999,0.346032,0.346032,0.9922002659999999,0.0,0.0,0.3914,0.691717,0.259312,0.109602,1.028521,0.549616,0.710611,0.680359,0.691717,0.19732835935428736,0.2449258603155613,0.41469799999999996,0.32288,0.152752
