DP02055,2020-03-12,Disprot Label,SPOT-Disorder2,PONDRFIT,IUPRED2-long,IUPRED2-short,PONDR-VLXT,PONDR-XL1,PONDR-CAN,PONDR-VL3,PONDR-VSL2,CSpritz-Long,ESpritz-Disprot,ESpritz-NMR,ESpritz-Xray
1,M,0,0.7818,0.973,0.356642,0.8886,0.9268184089,0.0,0.0,0.4871,0.717938,0.3558489978313446,0.38011500000000004,0.779941,0.668788
2,S,0,0.7131,0.955,0.342579,0.8391,0.8411873059,0.0,0.0,0.4788,0.742017,0.3584642559289932,0.395393,0.764886,0.6692020000000001
3,K,0,0.6336,0.941,0.332115,0.7772,0.5216984554999999,0.0,0.0,0.4614,0.753212,0.3657702505588532,0.40687199999999996,0.7114010000000001,0.668497
4,E,0,0.5414,0.937,0.36309,0.7418,0.66643958,0.0,0.0,0.4433,0.7591289999999999,0.3808515071868897,0.39723600000000003,0.607911,0.533162
5,D,0,0.4448,0.934,0.352862,0.6827,0.7148424699,0.0,0.0,0.4262,0.69307,0.3847369998693466,0.386273,0.520995,0.429904
6,F,0,0.387,0.866,0.37044499999999997,0.6442,0.6612722351,0.0,0.0,0.4113,0.593699,0.3936167508363724,0.38309,0.438054,0.345489
7,V,0,0.3602,0.76,0.398279,0.6035,0.6415458773,0.0,0.0,0.3985,0.5411159999999999,0.3942669928073883,0.386807,0.38599,0.31949099999999997
8,I,0,0.3595,0.7859999999999999,0.42561000000000004,0.5711,0.6477042797,0.0,0.0,0.3868,0.49764899999999995,0.399729996919632,0.391518,0.374362,0.313731
9,K,0,0.3803,0.8009999999999999,0.44757399999999997,0.5296,0.647025404,0.0,0.0,0.3756,0.482806,0.3993529975414276,0.393057,0.397281,0.32816999999999996
10,P,0,0.4083,0.7559999999999999,0.458154,0.4879,0.6509543859,0.0,0.0,0.3644,0.476444,0.3970489948987961,0.396642,0.44964899999999997,0.30386199999999997
11,E,0,0.4347,0.7559999999999999,0.48306800000000005,0.46,0.6012899129,0.0,0.0,0.3542,0.49073,0.3921782523393631,0.398413,0.534547,0.29743400000000003
12,A,0,0.4577,0.6659999999999999,0.418646,0.4116,0.5345161454,0.0,0.0,0.3466,0.51993,0.37930674850940704,0.393131,0.5837640000000001,0.263962
13,A,0,0.4677,0.613,0.450668,0.442,0.4723992072,0.0,0.0,0.3425,0.52032,0.3727440088987351,0.394357,0.603819,0.245283
14,G,0,0.4645,0.5539999999999999,0.377384,0.3885,0.42074318990000004,0.0,0.0,0.341,0.5503020000000001,0.3958339989185333,0.391635,0.607256,0.208182
15,A,0,0.4428,0.507,0.295083,0.3146,0.37447605659999994,0.5264104753,0.5558849924,0.3398,0.576789,0.4024630039930344,0.38916100000000003,0.6129899999999999,0.184054
16,S,0,0.4043,0.43799999999999994,0.21291,0.2483,0.3500684701,0.4673326481,0.5764435458,0.3308,0.569062,0.401007741689682,0.383621,0.604739,0.163197
17,T,0,0.3531,0.35100000000000003,0.311707,0.3096,0.2951419272,0.4227836872,0.6569838027,0.3162,0.52287,0.3923507481813431,0.382353,0.55542,0.140752
18,D,0,0.2953,0.27899999999999997,0.374039,0.3578,0.2220901087,0.4197722218,0.6886844402,0.2968,0.48695299999999997,0.3903505057096481,0.37462,0.504632,0.119085
19,T,0,0.2388,0.187,0.346032,0.3491,0.1289602403,0.42437982469999996,0.6032134249000001,0.2822,0.458424,0.3772284984588623,0.36697199999999996,0.40463899999999997,0.09471289999999999
20,S,0,0.1799,0.12,0.356642,0.3717,0.08540917640000001,0.4161593387,0.5228327513000001,0.271,0.399511,0.37956850230693817,0.363703,0.29828499999999997,0.0729293
21,E,0,0.1188,0.096,0.32860300000000003,0.3399,0.07680015429999999,0.4706336068,0.4872694314,0.2621,0.36290900000000004,0.3733479976654053,0.355435,0.201743,0.0530273
22,W,0,0.0777,0.095,0.243554,0.2602,0.0717005698,0.5000687772,0.4017313226,0.2529,0.331266,0.3788035064935684,0.34605199999999997,0.142198,0.0393462
23,P,0,0.0536,0.087,0.196879,0.2292,0.0646300427,0.5853878767,0.3248521148,0.244,0.290973,0.3882352560758591,0.339978,0.09980689999999999,0.0302902
24,L,0,0.0433,0.102,0.17016099999999998,0.1998,0.0619243959,0.6724501515000001,0.24751147329999998,0.2379,0.262755,0.38950350880622864,0.33673400000000003,0.0769201,0.025732799999999997
25,L,0,0.0367,0.10400000000000001,0.17308099999999998,0.1998,0.012612188100000001,0.6919129603,0.1768117399,0.2323,0.2614,0.3916897475719452,0.324878,0.06349049999999999,0.0224887
26,L,0,0.033,0.10400000000000001,0.194234,0.2209,0.0034329379,0.6758033551,0.09593916970000001,0.2253,0.23051100000000002,0.3847739994525909,0.318185,0.05572769999999999,0.020268
27,K,0,0.0316,0.102,0.194234,0.2209,0.0031404323,0.7083787017000001,0.0106934424,0.2181,0.21152600000000002,0.3780137449502945,0.316909,0.0536123,0.018775099999999996
28,N,0,0.0297,0.11,0.196879,0.2255,0.0029811021000000003,0.6377838579,0.010676145500000001,0.2124,0.23414200000000002,0.3704735040664673,0.31615,0.056501699999999995,0.0179276
29,F,0,0.0277,0.11699999999999999,0.125101,0.1495,0.0031224108,0.57932556,0.010668400900000001,0.2102,0.255938,0.3609597533941269,0.305861,0.0600794,0.0174793
30,D,0,0.0267,0.122,0.122885,0.1456,0.0025994558,0.5093255303,0.00020462990000000002,0.2106,0.261669,0.3714902549982071,0.30336,0.0720191,0.017743900000000003
31,K,0,0.0262,0.14,0.14493499999999998,0.1698,0.0019520728,0.4238343572,0.0,0.2148,0.26502800000000004,0.2572775036096573,0.29573499999999997,0.0824987,0.018536599999999997
32,L,0,0.0254,0.158,0.086953,0.1041,0.0018685335,0.31272763,0.0,0.2219,0.276534,0.2601062431931496,0.293953,0.0974404,0.0206132
33,L,0,0.0262,0.16899999999999998,0.16708699999999999,0.1805,0.003216551,0.2016905653,0.0,0.2303,0.261765,0.25732049345970154,0.29491799999999996,0.129129,0.024562999999999998
34,V,0,0.0287,0.177,0.125101,0.1349,0.0132009443,0.1555971713,0.0,0.2426,0.245461,0.2538422495126724,0.29241500000000004,0.16783800000000001,0.0317063
35,R,0,0.033,0.17300000000000001,0.182256,0.1921,0.0182214202,0.1353593833,0.0,0.2593,0.261102,0.2588760033249855,0.28441700000000003,0.230084,0.045138199999999996
36,S,0,0.0375,0.18899999999999997,0.24704099999999998,0.2432,0.09842730960000001,0.0726851025,0.0,0.279,0.275901,0.2466365098953247,0.292133,0.307611,0.0596847
37,G,0,0.0429,0.201,0.318242,0.3005,0.2022644821,0.0638700648,0.0,0.299,0.30903200000000003,0.24420324712991714,0.29145,0.390997,0.0773846
38,H,0,0.046,0.21,0.349426,0.3311,0.2941394791,0.1348487277,0.0046701425,0.3188,0.36736399999999997,0.2429265007376671,0.29147199999999995,0.42756400000000006,0.09187630000000001
39,Y,0,0.0486,0.22899999999999998,0.268042,0.2558,0.38614057939999996,0.2107321297,0.1157717382,0.3392,0.422885,0.2373072504997253,0.28257,0.44988500000000003,0.10401400000000001
40,T,0,0.0553,0.221,0.366687,0.3399,0.4884811303,0.2820728632,0.2268747862,0.3594,0.465388,0.2387727499008179,0.275501,0.48391300000000004,0.115967
41,P,0,0.0618,0.23399999999999999,0.359901,0.3399,0.5963070612,0.35381914200000003,0.33798589240000004,0.3788,0.511025,0.24153924733400345,0.274908,0.509452,0.128113
42,I,0,0.0697,0.278,0.366687,0.3491,0.6855120564,0.39531565840000005,0.33798589240000004,0.394,0.542117,0.24319949746131894,0.269596,0.5421699999999999,0.141819
43,P,0,0.0809,0.264,0.366687,0.3491,0.7256554873000001,0.46605990229999994,0.33798589240000004,0.403,0.55921,0.2445412501692772,0.27174899999999996,0.57727,0.15565299999999999
44,A,0,0.0909,0.304,0.440853,0.4116,0.7828495954000001,0.5389290306,0.33798589240000004,0.4075,0.5524479999999999,0.2414659932255745,0.269146,0.589973,0.16763
45,G,0,0.095,0.257,0.497853,0.4651,0.8019182684999999,0.5708509029,0.33798589240000004,0.412,0.566481,0.2414557486772537,0.268769,0.5828260000000001,0.15896300000000002
46,S,0,0.0922,0.25,0.408655,0.3885,0.8065228111,0.6761899422,0.3427565971,0.4172,0.5772430000000001,0.2414902523159981,0.266505,0.545549,0.15523599999999999
47,S,0,0.0858,0.263,0.332115,0.3225,0.8211746142,0.6951338344,0.374089821,0.4229,0.591485,0.24049150198698044,0.25974400000000003,0.48032600000000003,0.13752899999999998
48,P,0,0.0751,0.266,0.32860300000000003,0.3184,0.8158671281000001,0.7300764847,0.3205135644,0.4283,0.611191,0.2365352585911751,0.251284,0.410235,0.12454200000000001
49,L,0,0.064,0.265,0.32145799999999997,0.3184,0.8119366864,0.7681171984,0.26649770920000004,0.4331,0.6428649999999999,0.2362305074930191,0.24641100000000002,0.34789000000000003,0.11501800000000001
50,K,0,0.0561,0.218,0.40510999999999997,0.3992,0.7602606835,0.8011904487999999,0.1554399893,0.436,0.6440939999999999,0.2347607538104057,0.235498,0.305885,0.107651
51,R,0,0.0488,0.237,0.346032,0.3491,0.711631405,0.8155488672,0.1554399893,0.4377,0.649407,0.23351850360631946,0.231694,0.24223699999999998,0.09284450000000001
52,D,0,0.0422,0.24600000000000002,0.236433,0.2602,0.6942479698999999,0.8017790613,0.1554399893,0.4405,0.6572479999999999,0.23082400113344195,0.22661599999999998,0.181159,0.0801085
53,L,0,0.0364,0.22699999999999998,0.32860300000000003,0.3399,0.6755624837,0.7862255148999999,0.1554399893,0.4436,0.612853,0.23099274188280106,0.220281,0.15362,0.06994360000000001
54,K,0,0.0339,0.218,0.222385,0.2483,0.6198104808,0.7635460818,0.1554399893,0.4466,0.565866,0.22708125412464145,0.21531199999999998,0.146467,0.060769500000000004
55,S,0,0.0316,0.212,0.257454,0.282,0.5339235151,0.7121809611,0.1506692846,0.4482,0.501049,0.22206299751996994,0.213475,0.145517,0.0549053
56,Y,0,0.0291,0.204,0.257454,0.2865,0.49093485299999995,0.6331621918,0.1146659181,0.4499,0.44868900000000006,0.17838400416076186,0.210444,0.14724500000000001,0.050680699999999995
57,I,0,0.0292,0.21,0.28839899999999996,0.3096,0.48998652579999996,0.5559761284,0.057140579299999994,0.4523,0.43062399999999995,0.1663887519389391,0.2031,0.15824100000000002,0.0456777
58,S,0,0.0304,0.19899999999999998,0.28839899999999996,0.3096,0.4700577051,0.5390443105,0.0002496976,0.4536,0.405262,0.17400174587965012,0.200548,0.1634,0.041583499999999995
59,S,0,0.032,0.191,0.27150599999999997,0.2865,0.49759413840000005,0.5182247097,0.0701851495,0.4535,0.410717,0.19233224540948868,0.19555799999999998,0.167803,0.041252
60,G,0,0.034,0.177,0.374039,0.3847,0.5162397797,0.5466636727,0.1178126488,0.451,0.445482,0.1772422455251217,0.189548,0.163275,0.043146199999999996
61,V,0,0.0365,0.191,0.374039,0.3806,0.5831603752000001,0.5747798343,0.12054025199999999,0.4488,0.46587700000000004,0.1825860030949116,0.187677,0.157801,0.043918900000000004
62,I,0,0.0415,0.248,0.37044499999999997,0.3717,0.6227499352,0.6046673569,0.12054025199999999,0.4461,0.493104,0.17077325284481049,0.181293,0.160774,0.0468048
63,N,0,0.0493,0.247,0.37044499999999997,0.363,0.6668722349,0.6354007098,0.2122445423,0.4426,0.550761,0.1652107499539852,0.180528,0.176644,0.05445560000000001
64,L,0,0.0576,0.298,0.454136,0.4333,0.6825105589,0.6765564159999999,0.2132179368,0.4374,0.589567,0.165308753028512,0.176905,0.19455699999999998,0.0653986
65,D,0,0.0712,0.26,0.398279,0.3847,0.6334292482,0.7608549224,0.3060353666,0.4282,0.605525,0.15381775656715035,0.181518,0.24418800000000002,0.0789252
66,K,0,0.0861,0.27699999999999997,0.33916799999999997,0.3399,0.5525155463,0.8315124825,0.40031683,0.4153,0.6099680000000001,0.15008200542069972,0.18101099999999998,0.300526,0.08901210000000001
67,P,0,0.0985,0.314,0.394753,0.3847,0.4808474743,0.8452006712000001,0.4944082199,0.3994,0.612224,0.158763250336051,0.18376199999999998,0.379737,0.09530419999999999
68,S,0,0.108,0.324,0.377384,0.3762,0.4025861293,0.8603242404000001,0.5186583721,0.3824,0.621259,0.1799905076622963,0.185134,0.43372799999999995,0.0965416
69,N,0,0.1095,0.35600000000000004,0.298791,0.3096,0.3474486252,0.8729663482,0.5650151558,0.3649,0.591688,0.19977650791406631,0.179851,0.440558,0.08910130000000001
70,P,0,0.1004,0.32,0.298791,0.3053,0.2705678077,0.8777575266,0.6525494687,0.3465,0.5364909999999999,0.20403124392032626,0.17158199999999998,0.409588,0.0779143
71,S,0,0.0848,0.303,0.301917,0.3005,0.20052985239999999,0.7905087731,0.6526743431,0.3285,0.516301,0.17571349442005155,0.167466,0.347668,0.0618954
72,S,0,0.0643,0.242,0.278302,0.2865,0.1291657754,0.7026426467,0.5609700529,0.3115,0.507609,0.1593685057014227,0.161436,0.270767,0.04391369999999999
73,H,0,0.0466,0.21100000000000002,0.28171199999999996,0.282,0.107258622,0.6075130181,0.5599966584,0.2983,0.44683500000000004,0.15264900121837854,0.155686,0.191145,0.028345299999999997
74,E,0,0.0342,0.14,0.275179,0.2786,0.1030497149,0.496402035,0.4671792285,0.2894,0.388683,0.14499249355867505,0.150895,0.12870499999999999,0.0192459
75,V,0,0.0255,0.102,0.268042,0.2483,0.10720202919999999,0.39210447460000003,0.372897765,0.2825,0.32848,0.15041924268007278,0.14330199999999998,0.085793,0.0148595
76,V,0,0.0209,0.09,0.27150599999999997,0.2432,0.10635067029999999,0.2859648842,0.2786100639,0.2739,0.256691,0.15496224723756313,0.140657,0.0676178,0.0123174
77,A,0,0.0185,0.099,0.27150599999999997,0.2385,0.1052974684,0.18684144670000002,0.1843710736,0.2643,0.191847,0.16446824371814728,0.134774,0.058323599999999996,0.010877600000000001
78,W,0,0.0173,0.10300000000000001,0.243554,0.2122,0.10378212210000001,0.0898970248,0.0903867906,0.2548,0.160405,0.16237100400030613,0.13048800000000002,0.0548504,0.0100055
79,I,0,0.0169,0.105,0.24704099999999998,0.2122,0.0843743595,1.084e-07,0.0001248745,0.247,0.130653,0.17395349964499476,0.12598800000000002,0.05423189999999999,0.00961811
80,K,0,0.0176,0.099,0.236433,0.2041,0.074807982,9.82e-08,0.0,0.2396,0.12849100000000002,0.17362625151872635,0.12256600000000001,0.0570952,0.00977489
81,R,0,0.0184,0.096,0.20637600000000003,0.1844,0.061441211399999994,1.664e-07,9.75e-07,0.2329,0.12604,0.18455075472593307,0.11894,0.062229700000000006,0.010609799999999999
82,I,0,0.0197,0.09300000000000001,0.20939499999999997,0.1844,0.05059672230000001,1.6679999999999998e-07,2.8189999999999996e-06,0.2265,0.128082,0.1950247548520565,0.115191,0.07019149999999999,0.0119398
83,L,0,0.0222,0.08800000000000001,0.21291,0.1805,0.12043176300000001,1.7260000000000002e-07,0.0918625167,0.2219,0.144745,0.18313699588179588,0.11350199999999999,0.0899444,0.014272499999999999
84,R,0,0.0272,0.08199999999999999,0.142424,0.124,0.18688021,1.83e-07,0.184053625,0.2207,0.21378699999999998,0.1694450080394745,0.112026,0.13073900000000002,0.0182382
85,C,0,0.0342,0.073,0.139895,0.1205,0.253009296,0.0011656582,0.2771353822,0.2224,0.288649,0.17176075279712674,0.107154,0.204889,0.0240597
86,E,0,0.045,0.067,0.21291,0.1766,0.3307658578,0.0017861042999999998,0.36965650270000006,0.2244,0.359014,0.16367150284349918,0.10784,0.299185,0.0329202
87,K,0,0.0602,0.08199999999999999,0.27150599999999997,0.2167,0.3400305797,0.0017860988000000001,0.4521421576,0.226,0.387432,0.16395875066518786,0.10774,0.396306,0.0427044
88,T,0,0.0773,0.125,0.23989899999999997,0.1844,0.33917662579999996,0.0017860980999999999,0.5455842222999999,0.2279,0.42239399999999994,0.1757972575724125,0.10576300000000001,0.48250200000000004,0.0511833
89,G,0,0.0926,0.201,0.33916799999999997,0.2558,0.3381847515,0.0017860970000000002,0.6175557417,0.2295,0.459392,0.18227050453424454,0.1047,0.5423020000000001,0.0565515
90,H,0,0.1016,0.242,0.422041,0.3184,0.3382716844,0.001786025,0.6190617377000001,0.2307,0.47734099999999996,0.1751764975488186,0.101619,0.592067,0.0573203
91,S,0,0.1034,0.263,0.332115,0.1998,0.33320370899999996,0.0017860239000000002,0.6190598938,0.2312,0.497332,0.1946402452886105,0.100132,0.596233,0.053790099999999993
92,G,0,0.1005,0.24,0.25406,0.138,0.2536412755,0.0017860168,0.527200196,0.2301,0.489116,0.18649674952030185,0.0971923,0.573014,0.0459575
93,T,0,0.0889,0.20800000000000002,0.25031,0.138,0.17841489989999998,0.0017860057999999999,0.4350090877,0.2262,0.502143,0.16421725787222385,0.0946475,0.5548109999999999,0.0379658
94,L,0,0.0741,0.17,0.268042,0.1416,0.10642039119999999,0.0006205087999999999,0.34192733049999996,0.2208,0.49363,0.17845425382256508,0.09093580000000001,0.514281,0.03139840000000001
95,D,0,0.0606,0.132,0.17593,0.0621,0.0239987941,0.0,0.24940621,0.2158,0.43759899999999996,0.17858725041151047,0.088322,0.485422,0.0248172
96,P,0,0.0485,0.095,0.17308099999999998,0.0744,0.010692521100000001,0.0,0.1669205551,0.212,0.371576,0.16656299866735935,0.0863964,0.43797299999999995,0.019465700000000002
97,K,0,0.0392,0.076,0.17016099999999998,0.0723,0.010022529399999999,0.0,0.0734784904,0.2086,0.296439,0.15586975775659084,0.0852305,0.377682,0.0150158
98,V,0,0.0314,0.068,0.17016099999999998,0.0723,0.008222464300000001,1e-10,0.0018612947,0.2056,0.21026799999999998,0.14854775741696358,0.082319,0.315828,0.012145
99,T,0,0.0267,0.063,0.142424,0.0587,0.0056520464,3e-10,0.00035432370000000005,0.2033,0.137532,0.1432439936324954,0.07854610000000001,0.260536,0.0100052
100,G,0,0.0232,0.061,0.14493499999999998,0.0554,0.0066287867,3e-10,0.00035432370000000005,0.2012,0.084136,0.1429970001336187,0.07483939999999999,0.202266,0.008562700000000001
101,C,0,0.0211,0.06,0.14493499999999998,0.0587,0.0088298135,3e-10,0.00035432370000000005,0.2,0.057079,0.14406075421720746,0.0710143,0.14168499999999998,0.00766673
102,L,0,0.0194,0.057,0.094817,0.0387,0.010527476599999998,3e-10,0.00035432370000000005,0.1989,0.044691,0.14839124865829945,0.0685785,0.10436600000000001,0.0072965
103,I,0,0.0192,0.057,0.06463200000000001,0.0274,0.011467686599999999,3e-10,0.00035432370000000005,0.1983,0.036439,0.15532349422574046,0.0661807,0.08391489999999999,0.007201899999999999
104,V,0,0.0191,0.055,0.06312000000000001,0.0274,0.011419455600000001,4e-10,0.00035432370000000005,0.1976,0.038844,0.15030724462121725,0.0641365,0.0794765,0.00737128
105,C,0,0.0211,0.055,0.100716,0.0455,0.0115581648,7.61e-08,0.00035432370000000005,0.1977,0.042918,0.14551125094294548,0.0622908,0.0804291,0.00780077
106,I,0,0.0224,0.06,0.10278699999999999,0.0455,0.010209029,7.620000000000001e-08,0.00035432370000000005,0.1982,0.054533000000000005,0.1486027454957366,0.060664699999999995,0.08860269999999999,0.00850973
107,D,0,0.0247,0.061,0.090864,0.0387,0.011350716799999999,2.869e-07,0.0,0.1992,0.073917,0.1438857465982437,0.05941319999999999,0.104736,0.00943476
108,R,0,0.028,0.073,0.090864,0.0387,0.0310785121,0.0653193682,0.0005596564,0.2013,0.098345,0.14370349561795592,0.0582736,0.132821,0.010617299999999998
109,A,0,0.0306,0.08,0.109221,0.0455,0.058973928700000004,0.0784958908,0.0005596564,0.205,0.134426,0.15029074996709826,0.05766040000000001,0.15440299999999998,0.0119745
110,T,0,0.0352,0.08800000000000001,0.10480999999999999,0.0464,0.08896445060000001,0.0819332115,0.0005596564,0.2095,0.167505,0.15084524918347594,0.05669,0.175878,0.0136942
111,R,0,0.0406,0.10300000000000001,0.10699700000000001,0.0478,0.101657386,0.0819332122,0.0005596564,0.2149,0.2145,0.1508967550471425,0.055558,0.194449,0.0158918
112,L,0,0.0473,0.139,0.182256,0.106,0.1296163357,0.08208268889999999,0.0005596564,0.221,0.289842,0.1524010058492422,0.054892899999999994,0.207447,0.0188517
113,V,0,0.0564,0.175,0.17308099999999998,0.1088,0.162270155,0.08208295110000001,0.0005599379,0.2266,0.352883,0.15483824349939826,0.054148,0.22503,0.022910800000000002
114,K,0,0.0695,0.184,0.191378,0.1117,0.21217012710000002,0.0820828857,0.0005599381,0.2296,0.375659,0.1500789960846305,0.0544227,0.28345,0.0291158
115,S,0,0.0812,0.214,0.16108699999999998,0.0813,0.2185335263,0.0821065507,0.0005599381,0.2282,0.43947200000000003,0.14094224688597026,0.054946400000000006,0.36551999999999996,0.0354842
116,Q,0,0.0895,0.242,0.16708699999999999,0.1088,0.22061872629999998,0.0821087372,0.0005599381,0.2234,0.46340200000000004,0.15677700005471704,0.056483000000000005,0.421471,0.0407018
117,Q,0,0.0922,0.24,0.191378,0.115,0.21346498739999997,0.0167897506,2.865e-07,0.2179,0.429386,0.1566067487001419,0.0573668,0.46413000000000004,0.043408999999999996
118,G,0,0.0876,0.201,0.18812,0.115,0.1862224855,0.0036132332,2.865e-07,0.2144,0.396619,0.14926750678569078,0.05753430000000001,0.47287700000000005,0.0392971
119,A,0,0.0717,0.113,0.122885,0.0701,0.1552662772,0.0001759144,2.865e-07,0.2131,0.37646199999999996,0.14880025386810306,0.0558967,0.427295,0.0330048
120,G,0,0.0554,0.063,0.147574,0.0884,0.1416540264,0.00017591930000000001,2.865e-07,0.2122,0.33060100000000003,0.1473192498087883,0.05457000000000001,0.35133200000000003,0.0230706
121,K,0,0.0395,0.045,0.15008,0.0991,0.12279962109999999,2.6445500000000003e-05,2.865e-07,0.2104,0.280951,0.15201000217348334,0.053027099999999994,0.26199,0.0148812
122,E,0,0.0279,0.042,0.127496,0.0832,0.1161146106,2.61832e-05,4.9e-09,0.2086,0.238204,0.15336050372570753,0.05231519999999999,0.17238499999999998,0.00930359
123,Y,0,0.0206,0.048,0.127496,0.0789,0.075574711,2.6172899999999998e-05,4.7e-09,0.2065,0.186755,0.15024449862539768,0.0516452,0.103335,0.00737558
124,V,0,0.0178,0.055999999999999994,0.17593,0.1088,0.0786646246,2.5078e-06,4.7e-09,0.2046,0.12806700000000001,0.153846750035882,0.0510236,0.06668610000000001,0.00654183
125,C,0,0.0171,0.08,0.182256,0.115,0.0805797533,1.1060000000000001e-07,4.7e-09,0.2025,0.10375699999999999,0.16162575408816338,0.050449400000000005,0.053927800000000005,0.00629514
126,I,0,0.0162,0.098,0.194234,0.115,0.074105644,1.56e-08,0.0,0.201,0.085436,0.16145075298845768,0.050184,0.04748719999999999,0.00642964
127,V,0,0.0164,0.10800000000000001,0.18812,0.1178,0.1391425941,1.04e-08,0.0,0.2004,0.07496,0.1582547426223755,0.0500764,0.044635,0.00692676
128,R,0,0.0181,0.125,0.18812,0.124,0.1743639798,8.6e-09,0.0,0.201,0.07999400000000001,0.15157400723546746,0.0496605,0.0443959,0.00797287
129,L,0,0.0196,0.147,0.125101,0.0789,0.1899652311,3e-09,0.0,0.2034,0.114746,0.14732374344021082,0.049628399999999996,0.0473076,0.0098486
130,H,0,0.0228,0.159,0.14493499999999998,0.0991,0.23864361260000003,1.4496e-06,0.0,0.2075,0.150974,0.1442052535712719,0.05011,0.0551696,0.0128983
131,D,0,0.0282,0.162,0.147574,0.1018,0.2766896533,0.10870030779999999,0.0,0.2153,0.216752,0.15641074255108833,0.049951499999999996,0.0725863,0.0176639
132,A,0,0.0339,0.183,0.14493499999999998,0.106,0.3425390213,0.2197943514,0.0,0.2256,0.31964899999999996,0.17141974344849584,0.0498118,0.10254200000000001,0.023609599999999998
133,L,0,0.0417,0.201,0.086953,0.0607,0.41364244920000004,0.3309041292,0.0,0.2363,0.426134,0.1901957504451275,0.0503139,0.14058299999999999,0.030566900000000004
134,K,0,0.0517,0.22899999999999998,0.15008,0.0991,0.4930400183,0.4381104844,0.0940260786,0.2442,0.49722,0.16743599250912666,0.050680800000000005,0.17765899999999998,0.03603680000000001
135,D,0,0.0602,0.295,0.216401,0.138,0.5636128685,0.5344030685,0.18839940989999998,0.2496,0.5330060000000001,0.18339600041508675,0.0508736,0.21133400000000002,0.0413251
136,E,0,0.0664,0.319,0.229226,0.1602,0.5736812695,0.6411678598,0.2848164791,0.2548,0.5912609999999999,0.1815427541732788,0.0504156,0.26057199999999997,0.0430595
137,K,0,0.0695,0.28,0.318242,0.2385,0.6014164933,0.7374751852,0.3791650039,0.261,0.5189239999999999,0.1706954948604107,0.0506757,0.300493,0.044666500000000005
138,D,0,0.0701,0.253,0.377384,0.3053,0.6519161486,0.8257899373,0.47339860380000004,0.2678,0.511796,0.15269274730235338,0.051559400000000005,0.344765,0.042286000000000004
139,L,0,0.0672,0.213,0.346032,0.2786,0.6616483912,0.9160693759,0.5675939858,0.2724,0.560291,0.15827775560319424,0.0513072,0.335441,0.0403848
140,G,0,0.0665,0.17600000000000002,0.349426,0.27,0.6775297753,0.8936239789,0.6616977893,0.2745,0.550029,0.15848749689757824,0.0507417,0.321844,0.0352601
141,R,0,0.0619,0.166,0.23989899999999997,0.1844,0.6672831821999999,0.8693486229999999,0.7565701981,0.2731,0.497463,0.1699294988065958,0.0502073,0.299023,0.0310976
142,S,0,0.0574,0.152,0.23989899999999997,0.1878,0.6515031370000001,0.8514146009,0.851259161,0.2688,0.46648,0.15581899508833885,0.0500052,0.286667,0.026636400000000005
143,L,0,0.0518,0.149,0.27150599999999997,0.20800000000000002,0.5845331144,0.8269882995000001,0.8526130743000001,0.2614,0.424361,0.14989524334669113,0.0495634,0.277042,0.0237387
144,E,0,0.0487,0.12,0.377384,0.3184,0.5280700905,0.8136066020999999,0.8531571963,0.2542,0.37094,0.15271250624209642,0.049668800000000006,0.27884699999999996,0.0213971
145,N,0,0.0452,0.11800000000000001,0.40510999999999997,0.3578,0.46381948479999996,0.7894428091,0.8678354809000001,0.2502,0.345533,0.1493137450888753,0.049778300000000004,0.275416,0.020103
146,L,0,0.04,0.10800000000000001,0.318242,0.2786,0.41395803509999995,0.7757290448,0.884593637,0.2494,0.324727,0.14899850450456142,0.0494909,0.278409,0.0191856
147,T,0,0.0374,0.08900000000000001,0.222385,0.1958,0.3545421057,0.7655638879000001,0.9014300699,0.2498,0.303546,0.1509192492812872,0.0501549,0.29480700000000004,0.017497299999999997
148,G,0,0.0347,0.095,0.21930100000000002,0.1958,0.29353070940000003,0.7526897781999999,0.9183430702,0.2496,0.264629,0.14393999753519893,0.04966369999999999,0.312093,0.0156396
149,A,0,0.0306,0.096,0.18812,0.1698,0.21947178260000003,0.7421460983,0.9353502986,0.2479,0.245768,0.14579200092703104,0.049068400000000005,0.267569,0.0137539
150,L,0,0.0273,0.102,0.203355,0.1766,0.1602217551,0.6813837429,0.9515889704,0.2444,0.226508,0.14999675657600164,0.0491772,0.218385,0.012656299999999999
151,F,0,0.0259,0.111,0.20637600000000003,0.1732,0.0972904106,0.6489095683,0.968010952,0.2398,0.200771,0.1461377562955022,0.0494486,0.198472,0.0120565
152,Q,0,0.0257,0.128,0.203355,0.1667,0.0808444289,0.6439384226,0.9837419716,0.2361,0.20089300000000002,0.1446540025062859,0.0491946,0.199824,0.0116726
153,R,0,0.0245,0.141,0.20939499999999997,0.1732,0.09120783800000001,0.6439701157,0.9999356293,0.233,0.22190500000000002,0.1488302480429411,0.0481216,0.21007800000000001,0.0112776
154,P,0,0.0234,0.13699999999999998,0.20939499999999997,0.1635,0.10935882890000001,0.6443315109000001,0.9999513867000001,0.231,0.22708699999999998,0.14564275136217475,0.0478156,0.205436,0.0106132
155,P,0,0.0225,0.127,0.196879,0.1602,0.116308723,0.644920421,0.9999558169,0.2289,0.221989,0.14037274848669767,0.0473345,0.192911,0.00990123
156,L,0,0.0215,0.10800000000000001,0.137348,0.106,0.1370977784,0.6409410157,0.9999968953,0.2273,0.238341,0.14601625315845013,0.046946800000000004,0.160004,0.00940606
157,I,0,0.0212,0.098,0.203355,0.1635,0.17335286739999997,0.6397960159,0.9999996240000001,0.2259,0.253344,0.15111425332725048,0.0466707,0.129133,0.00894892
158,S,0,0.0211,0.085,0.203355,0.1635,0.2533203196,0.5922583153000001,0.9999996040000001,0.2241,0.265691,0.15075724851340055,0.0467205,0.111408,0.00865518
159,A,0,0.0201,0.086,0.132295,0.1041,0.3319837382,0.6111817985,0.9999996346,0.2209,0.286137,0.15105949714779854,0.0462849,0.08474789999999999,0.00840589
160,V,0,0.0186,0.08,0.096677,0.0744,0.3835881097,0.5940114751,0.9999998012000001,0.2153,0.293536,0.15558325685560706,0.0464786,0.0617086,0.00831651
161,K,0,0.0178,0.062,0.155435,0.1266,0.4073632036,0.5871330089,0.9999999008,0.2075,0.267489,0.1537370029836893,0.0460145,0.049290600000000004,0.00821868
162,R,0,0.0163,0.068,0.25031,0.1958,0.4304830147,0.5856170807,0.8888887897,0.1959,0.24543,0.1622607484459877,0.045861400000000004,0.0426124,0.00813003
163,Q,0,0.0147,0.062,0.25406,0.1878,0.426767202,0.584418915,0.7778957109,0.1812,0.234035,0.1597402486950159,0.0459517,0.0363857,0.00793501
164,L,0,0.0134,0.048,0.17593,0.1292,0.4339083703,0.5854483408,0.7239248981,0.1661,0.20110699999999998,0.1778787560760975,0.045685699999999996,0.0324765,0.00778543
165,R,0,0.0129,0.044000000000000004,0.090864,0.0607,0.4319936689,0.5916113728,0.6133415483,0.154,0.18948800000000002,0.18679074943065646,0.045342,0.0311613,0.00762329
166,V,0,0.0123,0.043,0.079919,0.0478,0.4481294652,0.594959067,0.5429124213000001,0.1452,0.188392,0.17730075120925906,0.045052999999999996,0.0313278,0.00749197
167,R,0,0.0124,0.045,0.067594,0.0405,0.4600936438,0.6457243335,0.46648042799999995,0.136,0.189055,0.1708575040102005,0.0447327,0.032842800000000005,0.0072729
168,T,0,0.0124,0.046,0.116183,0.066,0.4118046803,0.7051329369,0.4664654886,0.1252,0.162174,0.15839075483381748,0.0447307,0.0346645,0.00711079
169,I,0,0.0126,0.052000000000000005,0.122885,0.0643,0.3829782331,0.7663714023,0.4664654886,0.1131,0.158972,0.16238875687122345,0.044532300000000004,0.0381231,0.00704652
170,Y,0,0.0127,0.059000000000000004,0.142424,0.0744,0.3828219707,0.8012034759000001,0.44714582560000005,0.1024,0.171002,0.16302649304270744,0.0451122,0.0449792,0.00714591
171,E,0,0.0139,0.062,0.194234,0.106,0.35553200890000003,0.82557406,0.5374770786,0.0932,0.181175,0.1546972431242466,0.044629300000000004,0.050617,0.00732145
172,S,0,0.0146,0.07,0.203355,0.106,0.3408996687,0.8386720031,0.6228990742,0.0868,0.19817,0.15404974296689036,0.0444903,0.0567014,0.00753393
173,N,0,0.0154,0.107,0.134866,0.0621,0.3139325543,0.8158899635,0.5657587759,0.082,0.227719,0.1398760073352605,0.044754699999999994,0.0592859,0.0077874
174,L,0,0.0158,0.142,0.127496,0.0554,0.2874661117,0.7969490096999999,0.5652310145,0.0787,0.245629,0.13895474676974118,0.044291000000000004,0.0591745,0.00812293
175,I,0,0.0172,0.162,0.139895,0.0643,0.2275839954,0.7779121843000001,0.5245490305,0.075,0.27005999999999997,0.1384312496520579,0.0440654,0.06458330000000001,0.00855647
176,E,0,0.0189,0.156,0.074921,0.0363,0.1296216754,0.6989750940999999,0.4898700118,0.0693,0.312837,0.13951575104147196,0.0440714,0.073934,0.00923726
177,F,0,0.0203,0.149,0.059222000000000004,0.0304,0.1039136105,0.6237964573,0.3787738404,0.0635,0.327737,0.14174374984577298,0.044123699999999995,0.0895692,0.0098398
178,D,0,0.0225,0.11199999999999999,0.048327999999999996,0.0252,0.079642563,0.5391001391,0.2676627293,0.0586,0.311699,0.14357725018635392,0.0445089,0.11102100000000001,0.010384200000000001
179,N,0,0.0231,0.099,0.046336,0.0252,0.0548745342,0.4512817922,0.1758712818,0.055,0.287159,0.14295500190928578,0.044115800000000004,0.127772,0.010653
180,K,0,0.0218,0.077,0.045351999999999996,0.0226,0.0287382943,0.3485856314,0.08554002880000001,0.0517,0.24863200000000002,0.14606675319373608,0.043498,0.139349,0.010345
181,R,0,0.0193,0.068,0.083462,0.0414,0.0162483743,0.2537237311,9e-10,0.0487,0.186578,0.14324025576934218,0.0431787,0.137573,0.00967631
182,N,0,0.0169,0.064,0.06312000000000001,0.0308,0.014343076299999999,0.1922938784,9e-10,0.0478,0.132867,0.14133725175634027,0.042919900000000004,0.12106600000000001,0.00851157
183,L,0,0.0139,0.062,0.06184,0.0308,0.0145758902,0.13090161039999998,9e-10,0.0491,0.108732,0.14812174625694752,0.042287,0.09154889999999999,0.00752067
184,G,0,0.0121,0.057,0.060549,0.0308,0.0152471074,0.0703289632,9e-10,0.0527,0.09765,0.16011550650000572,0.0419246,0.0692551,0.00667659
185,V,0,0.0106,0.059000000000000004,0.059222000000000004,0.0297,0.0152829381,0.0703287061,9e-10,0.0568,0.078648,0.16406449303030968,0.0415605,0.0515726,0.00615823
186,F,0,0.0097,0.062,0.083462,0.0414,0.0045325328,0.0411189239,6e-10,0.0609,0.071005,0.1563002523034811,0.041525099999999995,0.0464024,0.005862
187,W,0,0.0096,0.067,0.076542,0.0405,0.0037517223,0.0210455191,6e-10,0.0639,0.070576,0.15831475518643856,0.04178,0.0450605,0.00572908
188,A,0,0.0096,0.062,0.15008,0.0771,0.0030547601,0.0031013508,0.0,0.066,0.073236,0.1669280007481575,0.0415742,0.0475737,0.00573588
189,S,0,0.0098,0.059000000000000004,0.08883200000000001,0.0425,0.0023442454999999997,2.7579999999999997e-07,0.0,0.0683,0.092409,0.180479995906353,0.0413358,0.052786400000000004,0.00580792
190,C,0,0.0101,0.054000000000000006,0.046336,0.0231,0.0021744207999999997,5e-09,0.0,0.0715,0.100293,0.17026975750923154,0.0409977,0.0643321,0.00594622
191,E,0,0.0103,0.049,0.030611000000000003,0.0144,0.0018569717999999999,3e-10,0.0,0.076,0.105734,0.15711125545203686,0.041044,0.0832908,0.00606363
192,A,0,0.0102,0.053,0.030611000000000003,0.0137,0.0014221769000000001,2e-10,0.0,0.083,0.109758,0.16510025039315224,0.0408751,0.101684,0.00611538
193,G,0,0.0098,0.061,0.017797,0.0083,0.0004694432,2e-10,0.0,0.0929,0.126831,0.15611699409782887,0.0407733,0.12053,0.00609549
194,T,0,0.009,0.065,0.027462999999999998,0.0157,0.0014006864,1e-10,0.0,0.1047,0.118147,0.14085025433450934,0.0407327,0.114567,0.00597346
195,Y,0,0.008,0.068,0.022306,0.0128,0.0020130454,1e-10,0.0,0.1168,0.114478,0.13924074347596616,0.0406111,0.10751199999999998,0.00581135
196,M,0,0.007,0.065,0.019400999999999998,0.0124,0.0024322745,1e-10,0.0,0.1279,0.116749,0.1414054990746081,0.0405365,0.09155360000000001,0.00563958
197,R,0,0.0064,0.059000000000000004,0.021816,0.0144,0.006433733299999999,1e-10,0.0,0.1383,0.112597,0.14144649868831038,0.0405055,0.07894069999999999,0.00562494
198,T,0,0.0059,0.054000000000000006,0.039760000000000004,0.0297,0.007775608000000001,0.0,0.0,0.1483,0.091535,0.13869000261183828,0.0404698,0.060506,0.00565229
199,L,0,0.0055,0.051,0.031287,0.0259,0.0092092299,0.0,0.0,0.1579,0.08204199999999999,0.13874774670694026,0.0404166,0.0510513,0.00576562
200,C,0,0.0056,0.047,0.030611000000000003,0.0252,0.010519523999999999,0.0,0.0,0.1682,0.076576,0.1418997524306178,0.040381400000000005,0.0469254,0.00585048
201,V,0,0.0056,0.047,0.054297000000000005,0.0455,0.0122212074,0.0,0.0,0.1792,0.07219500000000001,0.15333599969744682,0.0403716,0.0479167,0.00590555
202,H,0,0.0059,0.053,0.050641000000000005,0.0387,0.013235878500000001,0.0,0.0,0.1903,0.07664299999999999,0.16280974633991718,0.040357599999999993,0.051186699999999995,0.00589612
203,L,0,0.0063,0.069,0.048327999999999996,0.0405,0.0132165293,0.0014510426,0.0,0.1998,0.087466,0.1449327440932393,0.0403235,0.0552275,0.00587233
204,G,0,0.0072,0.076,0.051830999999999995,0.0425,0.0136052207,0.0014510426,0.0,0.2085,0.102059,0.1451962497085333,0.0403383,0.0622779,0.00595839
205,M,0,0.0078,0.08800000000000001,0.054297000000000005,0.0464,0.013844833700000002,0.0014510426,0.0,0.216,0.131425,0.14412049297243354,0.040324900000000004,0.071363,0.00621583
206,L,0,0.0093,0.105,0.05306,0.0502,0.0129008292,0.0014510426,0.0,0.2225,0.178805,0.14784874487668276,0.0403491,0.08463739999999999,0.00675033
207,L,0,0.0114,0.129,0.06618099999999999,0.0607,0.023889556200000002,0.0922633836,0.0,0.2262,0.21923099999999998,0.1434967522509396,0.040387,0.107642,0.00756319
208,G,0,0.0144,0.15,0.06618099999999999,0.0607,0.0402372396,0.1930779417,0.0,0.229,0.249257,0.14186550048179924,0.0404466,0.134159,0.00865865
209,V,0,0.0172,0.217,0.039760000000000004,0.0425,0.0669607157,0.2904412178,0.0,0.231,0.299369,0.14269399549812078,0.040517000000000004,0.153402,0.010120200000000001
210,G,0,0.0207,0.302,0.069024,0.0723,0.0932959084,0.38226098909999995,0.0802072191,0.233,0.324934,0.14378450717777014,0.0406046,0.170326,0.011627600000000002
211,G,0,0.0227,0.33899999999999997,0.118441,0.1322,0.1250099542,0.48075696100000004,0.0825080818,0.2359,0.340004,0.14021074888296425,0.0406657,0.168997,0.012779500000000001
212,H,0,0.0229,0.392,0.16708699999999999,0.1844,0.1787999961,0.5741700749,0.17307243030000002,0.2407,0.38307199999999997,0.1419972439762205,0.0407612,0.143227,0.013769499999999999
213,M,0,0.0216,0.43700000000000006,0.137348,0.1698,0.2397656043,0.658757193,0.2639160413,0.2477,0.447391,0.15106225665658712,0.0407719,0.112685,0.014603999999999999
214,Q,0,0.0214,0.447,0.137348,0.1698,0.2954078926,0.7429290068000001,0.34947805880000005,0.2562,0.463088,0.15277899522334334,0.040859,0.0790995,0.0157671
215,E,0,0.0206,0.43,0.139895,0.1805,0.3469193709,0.8282816787,0.44101582200000006,0.2631,0.502718,0.16322000697255135,0.041033999999999994,0.0668255,0.017193299999999998
216,L,0,0.0198,0.39399999999999996,0.185198,0.2209,0.39343903049999995,0.8206074563,0.5520989443,0.2683,0.535305,0.16529324650764465,0.0411593,0.0533668,0.0193003
217,R,0,0.021,0.337,0.28171199999999996,0.3005,0.429200785,0.8037265726999999,0.6630911075,0.2723,0.527069,0.1607082523405552,0.0411913,0.057593899999999996,0.022544799999999997
218,R,0,0.0233,0.344,0.377384,0.3847,0.45302889420000003,0.8119098196,0.7573925137,0.2775,0.48967200000000005,0.15481999889016151,0.041429,0.0730481,0.026969
219,V,0,0.0267,0.336,0.394753,0.3939,0.4775175131,0.8258218765,0.7715140117,0.2825,0.49202700000000005,0.1618790067732334,0.0417068,0.0931342,0.0306301
220,R,0,0.033,0.33299999999999996,0.418646,0.4245,0.4900395612,0.8306496859,0.86334402,0.2847,0.505076,0.16177499294281006,0.0419366,0.12604,0.035284699999999995
221,S,0,0.0413,0.33899999999999997,0.356642,0.3717,0.46990863450000003,0.8392791540000001,0.8670295946,0.284,0.51453,0.16234399750828746,0.0423643,0.192411,0.0370079
222,G,0,0.0502,0.353,0.366687,0.3762,0.4279218481,0.8413520364,0.8704543628,0.2815,0.534566,0.17933524399995804,0.0425264,0.249377,0.037670800000000004
223,A,0,0.0567,0.354,0.278302,0.3184,0.39510570869999995,0.8460578341,0.8787985976,0.2765,0.547125,0.1722475066781044,0.04265,0.29375300000000004,0.0356615
224,L,0,0.0612,0.345,0.318242,0.3491,0.3658361357,0.8461737631,0.8811692490999999,0.2689,0.5419109999999999,0.1737300045788288,0.0429462,0.296616,0.03358169999999999
225,S,0,0.063,0.35100000000000003,0.32145799999999997,0.3535,0.3529768689,0.7851959316,0.8500637482,0.26,0.577754,0.1779869943857193,0.042749199999999994,0.306755,0.0295185
226,E,0,0.0609,0.344,0.23989899999999997,0.2865,0.3533470793,0.7012735844,0.739071585,0.2515,0.5951569999999999,0.16603249497711658,0.0424975,0.299099,0.0245523
227,N,0,0.0553,0.32299999999999995,0.284882,0.3359,0.3179822793,0.5957270642,0.6447709213,0.2438,0.574256,0.18497875332832334,0.042285699999999996,0.281769,0.0194966
228,D,0,0.0468,0.27399999999999997,0.295083,0.3456,0.2733308638,0.489995277,0.5504422042,0.2365,0.53364,0.15052050445228815,0.042119300000000005,0.23118200000000003,0.0146741
229,N,0,0.0387,0.233,0.264545,0.3225,0.2303131477,0.3866714957,0.4563113332,0.2299,0.497443,0.15117250569164753,0.041935599999999996,0.179732,0.0115993
230,M,0,0.0301,0.223,0.33916799999999997,0.3885,0.1974190656,0.2831778712,0.3620614101,0.2232,0.434906,0.17218274623155594,0.0415918,0.13112000000000001,0.00939662
231,V,0,0.0239,0.215,0.23283800000000002,0.282,0.1807864404,0.19651787059999998,0.2677930308,0.2144,0.361998,0.17392349615693092,0.0417603,0.09317560000000001,0.00815396
232,T,0,0.0201,0.184,0.17016099999999998,0.2209,0.1594257359,0.1076402592,0.17388677859999999,0.2037,0.30661,0.17240000516176224,0.041637,0.0733624,0.00728129
233,L,0,0.0169,0.151,0.10699700000000001,0.1566,0.1360234926,0.0221716583,0.0799783639,0.1921,0.269646,0.175587747246027,0.041694,0.06373519999999999,0.00680227
234,H,0,0.0151,0.129,0.137348,0.1844,0.0916762869,1.1371199999999999e-05,7.425e-07,0.1819,0.228175,0.18233075737953186,0.0416918,0.0634102,0.00643593
235,D,0,0.014,0.122,0.222385,0.2602,0.041070655899999996,4.816e-07,7.425e-07,0.1725,0.19091,0.17753400281071666,0.041644,0.0608,0.00627119
236,V,0,0.0132,0.105,0.229226,0.2483,0.029032444900000003,1.93941e-05,0.0,0.1645,0.164237,0.17490600049495694,0.0415559,0.060316999999999996,0.00624757
237,M,0,0.0126,0.083,0.21291,0.2255,0.0216388952,1.9543e-05,0.0,0.1578,0.162896,0.18049949780106544,0.04158630000000001,0.061904999999999995,0.00633082
238,D,0,0.0126,0.078,0.20939499999999997,0.2292,0.0197669923,4.3853599999999996e-05,0.0,0.1539,0.162145,0.1824207492172718,0.0417952,0.054426499999999996,0.00656028
239,A,0,0.0127,0.081,0.216401,0.2333,0.019727490900000002,0.0002154074,0.0,0.1508,0.17394500000000002,0.18491699546575546,0.041879400000000004,0.044076199999999996,0.00689733
240,Q,0,0.013,0.08800000000000001,0.203355,0.2292,0.019671377900000002,0.00022540189999999997,0.0,0.1482,0.180978,0.1827322505414486,0.0420696,0.0371712,0.00751068
241,W,0,0.0137,0.106,0.16108699999999998,0.1921,0.021052135,0.0259234789,0.0,0.1451,0.19087300000000001,0.17847199738025665,0.0421375,0.035147500000000005,0.00858196
242,V,0,0.0149,0.11599999999999999,0.14493499999999998,0.1698,0.023121347400000002,0.0398125812,0.0,0.1409,0.212403,0.18138949573040009,0.0424798,0.0389657,0.0104961
243,Y,0,0.0168,0.134,0.137348,0.1635,0.026584589900000004,0.0535130272,0.0,0.1346,0.237736,0.17785175517201424,0.042628,0.0496414,0.013595300000000001
244,D,0,0.0199,0.13699999999999998,0.20939499999999997,0.2209,0.030521655,0.0668276922,0.0,0.1257,0.26116100000000003,0.1705777496099472,0.04294969999999999,0.0702103,0.0176916
245,N,0,0.0231,0.162,0.129801,0.1456,0.0336835377,0.0804568867,0.0,0.1142,0.31563800000000003,0.16633624583482742,0.0433101,0.0969685,0.0216322
246,T,0,0.0257,0.19699999999999998,0.069024,0.0789,0.043879987800000006,0.09667234640000001,0.0,0.1026,0.34979899999999997,0.16050049848854542,0.0441576,0.11839300000000001,0.024043099999999998
247,R,0,0.027,0.22699999999999998,0.109221,0.1088,0.053599043,0.1069343178,0.0,0.0918,0.361867,0.15770625323057175,0.04386369999999999,0.129383,0.0248703
248,D,0,0.0264,0.24,0.15826500000000002,0.1456,0.0906901407,0.1844152084,0.0,0.0828,0.392524,0.1625559963285923,0.043952099999999994,0.121075,0.022732299999999997
249,E,0,0.0239,0.223,0.090864,0.0832,0.1229538902,0.2442608028,0.0,0.0736,0.411583,0.17027124762535095,0.0440505,0.0982273,0.0196372
250,S,0,0.0204,0.222,0.122885,0.1041,0.16642895060000001,0.2351753106,8e-10,0.0657,0.371668,0.1714319996535778,0.0441693,0.0722283,0.0167075
251,Y,0,0.0169,0.209,0.122885,0.0935,0.2239789205,0.2840134186,0.1111104667,0.0608,0.359004,0.16709425672888756,0.0444052,0.053188400000000004,0.0144626
252,L,0,0.0144,0.175,0.137348,0.106,0.2661829485,0.2873594833,0.1111104667,0.0588,0.335671,0.1657002493739128,0.0443805,0.04397519999999999,0.0126485
253,R,0,0.0133,0.142,0.125101,0.0884,0.310117814,0.3000101337,0.1111104667,0.0578,0.287615,0.16065950132906434,0.044445599999999995,0.0396224,0.0112602
254,S,0,0.0123,0.122,0.142424,0.0909,0.3536781103,0.3216338627,0.1111104667,0.057,0.240875,0.16718250140547752,0.044567,0.037234699999999996,0.0101185
255,I,0,0.0116,0.115,0.132295,0.0858,0.3925977226,0.3156942676,0.1111104667,0.0563,0.217964,0.1618212442845106,0.044557,0.0354361,0.0093802
256,I,0,0.0112,0.095,0.071867,0.0478,0.3913259862,0.3168279217,0.1111104667,0.0558,0.188703,0.1596637535840273,0.044837699999999994,0.0368291,0.0088289
257,Q,0,0.0111,0.07200000000000001,0.069024,0.0478,0.356183229,0.2635339538,0.1111104667,0.055,0.159839,0.162299744784832,0.045099900000000005,0.0403335,0.008492200000000002
258,P,0,0.0105,0.062,0.069024,0.049,0.3257492627,0.2632285579,0.1111104667,0.0539,0.15010199999999999,0.15997200086712834,0.0451612,0.0437265,0.00807729
259,L,0,0.0098,0.061,0.035586,0.0259,0.3050937657,0.2667109825,0.1111104659,0.0524,0.138531,0.15529275126755238,0.0451055,0.041485,0.00776691
260,E,0,0.0097,0.052000000000000005,0.022306,0.0137,0.2507991728,0.2555846881,0.0,0.0502,0.11786300000000001,0.1523292465135455,0.0453936,0.0434469,0.00742043
261,T,0,0.0094,0.048,0.015694,0.0082,0.20848900469999998,0.2488201076,0.0646553797,0.0481,0.10396300000000001,0.1543669942766428,0.0453885,0.0408631,0.00716466
262,L,0,0.0088,0.045,0.025315999999999998,0.0131,0.16328734109999998,0.26381558920000003,0.1711666649,0.0471,0.09554,0.1580864954739809,0.0456221,0.0347382,0.00702109
263,L,0,0.0086,0.044000000000000004,0.047319,0.0279,0.1218898971,0.2313594318,0.1711666649,0.0475,0.083497,0.1601592544466257,0.0458145,0.031973400000000006,0.00693594
264,V,0,0.0087,0.043,0.047319,0.0297,0.08132354559999999,0.2273858529,0.1711666649,0.0486,0.07442,0.15865975245833394,0.04604,0.0307603,0.0069481000000000005
265,G,0,0.0089,0.045,0.038858,0.0212,0.0756085613,0.2163813757,0.1711666649,0.0492,0.091128,0.16152199357748032,0.046312099999999995,0.0333971,0.00702944
266,Y,0,0.0087,0.052000000000000005,0.047319,0.0231,0.0731397402,0.19202292199999998,0.1711666649,0.0496,0.10490799999999999,0.1672937572002411,0.0466042,0.0308901,0.00716105
267,K,0,0.0091,0.055,0.09288099999999999,0.0414,0.067960422,0.132472729,0.1711666649,0.05,0.11099200000000001,0.17048599384725094,0.046976300000000006,0.0310539,0.00733169
268,R,0,0.0095,0.059000000000000004,0.073402,0.0308,0.0415679433,0.11237772019999999,0.1711666649,0.0506,0.12215,0.16933074593544006,0.047201400000000004,0.029376099999999995,0.00752194
269,I,0,0.01,0.07400000000000001,0.040537000000000004,0.0141,0.0343863091,0.06077680480000001,0.1711666649,0.0513,0.150545,0.17467975616455078,0.047610400000000004,0.029113999999999998,0.00774977
270,V,0,0.0108,0.081,0.043307,0.0179,0.0295546848,0.050494875,0.10651128509999999,0.0521,0.17294500000000002,0.16929125227034092,0.0482055,0.0316833,0.00811276
271,V,0,0.0122,0.086,0.023087,0.0086,0.0236987154,0.0095336407,0.0,0.0536,0.187331,0.17036325111985207,0.048643599999999995,0.0370087,0.00856453
272,K,0,0.0137,0.077,0.021816,0.0087,0.0140249433,0.00671796,0.0,0.056,0.202746,0.17193999513983727,0.0491595,0.0478681,0.00904845
273,D,0,0.0148,0.079,0.030003,0.0124,0.0066563223,0.0040864631,0.0,0.0593,0.207008,0.18769824877381325,0.0495514,0.0543716,0.00927897
274,S,0,0.0153,0.073,0.050641000000000005,0.0218,0.005379785799999999,0.006341975,0.0,0.0629,0.187525,0.1834770031273365,0.0502651,0.0557429,0.00931788
275,A,0,0.0146,0.065,0.046336,0.0173,0.0054839397,0.00639177,0.0,0.0664,0.170271,0.1824515014886856,0.0505735,0.0505872,0.00917034
276,V,0,0.0134,0.053,0.036378,0.0128,0.006763210600000001,0.006391771,0.0,0.0697,0.15326099999999998,0.19014500454068184,0.0510153,0.04251780000000001,0.00886609
277,N,0,0.0122,0.044000000000000004,0.037156,0.0109,0.0076707151,0.006391770400000001,0.0,0.0739,0.132574,0.18589499592781067,0.0514249,0.0360519,0.00842438
278,A,0,0.0108,0.037000000000000005,0.045351999999999996,0.0137,0.0100719082,0.00639177,0.0,0.0789,0.112831,0.17705625295639038,0.051974,0.031209300000000002,0.00786086
279,V,0,0.0098,0.035,0.044297,0.0131,0.010657904199999998,0.0063917693999999995,0.0,0.0838,0.103432,0.17503799870610234,0.05215,0.029234500000000004,0.00739088
280,C,0,0.0094,0.033,0.048327999999999996,0.0131,0.0131524881,0.0063917692,0.0,0.0881,0.089137,0.1727062426507473,0.052404599999999996,0.0313701,0.00714814
281,Y,0,0.0089,0.032,0.043307,0.0109,0.0241049426,0.0063917683,0.0,0.092,0.0814,0.17067074216902256,0.0529928,0.0340496,0.00694537
282,G,0,0.0087,0.032,0.067594,0.0173,0.0349424005,0.0027207896999999997,0.0,0.096,0.07750599999999999,0.17303399369120598,0.0535289,0.0393467,0.00690185
283,A,0,0.0085,0.034,0.038858,0.0086,0.0437907607,4.9818900000000005e-05,0.0,0.1002,0.081051,0.1727210059762001,0.05411669999999999,0.040269599999999996,0.00691439
284,K,0,0.0087,0.035,0.039760000000000004,0.0086,0.06318595860000001,1.1e-09,0.0,0.1048,0.078317,0.16953374817967415,0.055372300000000006,0.0393071,0.0070212
285,L,0,0.0087,0.037000000000000005,0.043307,0.0094,0.0769421393,1.609e-07,0.0,0.1092,0.078693,0.16522275470197198,0.0557905,0.036700300000000005,0.00725117
286,M,0,0.0087,0.04,0.05306,0.0128,0.0775823932,1.6469999999999999e-07,0.0,0.1131,0.093916,0.17308075353503227,0.0561794,0.035593099999999996,0.00765643
287,I,0,0.0092,0.044000000000000004,0.046336,0.0116,0.0774307132,5.4596e-06,0.0,0.1162,0.109242,0.17885025218129158,0.0569641,0.040367099999999996,0.00833782
288,P,0,0.0098,0.049,0.047319,0.0131,0.0997541806,0.0305614865,0.0,0.1196,0.11511099999999999,0.1773655079305172,0.0580456,0.0492351,0.00932006
289,G,0,0.0104,0.061,0.034884,0.0087,0.11400527,0.03878799,0.0,0.1242,0.135882,0.17939625307917595,0.0585499,0.0568881,0.0107443
290,L,0,0.0108,0.071,0.030611000000000003,0.0083,0.1169900875,0.0388465974,0.0,0.1296,0.153337,0.17173149809241295,0.059602300000000004,0.0566873,0.012804399999999999
291,L,0,0.0117,0.069,0.056825,0.0137,0.1365291943,0.052583666900000006,2.8151799999999997e-05,0.1358,0.161005,0.17066599614918232,0.0605396,0.0523251,0.015635299999999998
292,R,0,0.0129,0.069,0.10699700000000001,0.0304,0.1585428841,0.10535083320000001,2.81996e-05,0.1423,0.181357,0.17438875138759613,0.061305399999999996,0.0530196,0.0191036
293,Y,0,0.0135,0.08,0.06463200000000001,0.015,0.16956571980000001,0.14709235,2.81996e-05,0.1495,0.242248,0.1828092448413372,0.0623703,0.0576183,0.0213972
294,E,0,0.0145,0.077,0.055536,0.0124,0.1940464505,0.1471747695,0.0091840015,0.1569,0.264494,0.1852564960718155,0.0639918,0.06756960000000001,0.021628799999999997
295,E,0,0.0152,0.077,0.035586,0.0078,0.2014175714,0.151640677,0.0091840015,0.1639,0.26755300000000004,0.17976124957203865,0.0653566,0.0676438,0.018554400000000002
296,G,0,0.0148,0.08199999999999999,0.035586,0.0079,0.20805392739999998,0.1654028781,0.0091840015,0.1706,0.27131700000000003,0.17659875005483627,0.06575399999999999,0.0676595,0.0158219
297,I,0,0.0137,0.086,0.048327999999999996,0.0099,0.1951088528,0.1365424546,0.0091840015,0.1773,0.24501199999999998,0.17273125424981114,0.0669672,0.0596021,0.0134181
298,E,0,0.0127,0.08199999999999999,0.08883200000000001,0.0231,0.1919945189,0.1298771356,0.0091840015,0.1846,0.188041,0.17056825198233128,0.0685803,0.053196600000000004,0.0120498
299,L,0,0.0112,0.08,0.071867,0.0167,0.18052500059999999,0.1374380255,0.0091840015,0.1921,0.161832,0.1792455054819584,0.0690512,0.0462348,0.0110464
300,Y,0,0.0101,0.075,0.073402,0.0173,0.1818257374,0.1424639499,0.0091558497,0.1991,0.149037,0.17858349904417992,0.06980360000000001,0.0391837,0.0102897
301,D,0,0.0097,0.063,0.127496,0.0395,0.1805396107,0.10633306320000001,0.0091558019,0.205,0.12491400000000001,0.17870549485087395,0.0710179,0.034969099999999996,0.00960435
302,E,0,0.0093,0.059000000000000004,0.17016099999999998,0.0542,0.18028547,0.0762490112,0.0091558019,0.2091,0.112122,0.18135949969291687,0.072564,0.029939499999999997,0.00917468
303,I,0,0.009,0.059000000000000004,0.11370999999999999,0.0316,0.1626766526,0.0842026805,0.0,0.212,0.10915899999999999,0.174197006970644,0.07354060000000001,0.0284089,0.00877594
304,V,0,0.0092,0.057,0.16108699999999998,0.0464,0.1831772179,0.0845145781,0.0,0.2139,0.092192,0.17285000160336494,0.0756119,0.0295476,0.00852444
305,L,0,0.01,0.061,0.11148499999999999,0.0268,0.1901167414,0.0728141373,0.0,0.2168,0.091276,0.1764267571270466,0.07749969999999999,0.034574099999999997,0.00834967
306,I,0,0.0113,0.07400000000000001,0.08883200000000001,0.0173,0.20515173879999998,0.0734060651,0.0,0.2203,0.110431,0.17462024092674255,0.0791925,0.0449715,0.0083851
307,T,0,0.0131,0.099,0.056825,0.0094,0.2409644295,0.0921899283,0.0,0.2242,0.13854,0.17107024788856506,0.08221310000000001,0.06082180000000001,0.00850087
308,T,0,0.0155,0.114,0.083462,0.015,0.2552067159,0.10565897070000001,0.0,0.2267,0.14915899999999999,0.16649374924600124,0.0849029,0.0805275,0.00871548
309,K,0,0.0173,0.127,0.079919,0.0128,0.2330151945,0.1504385744,0.0,0.228,0.173977,0.16239050589501858,0.0874443,0.097313,0.00890659
310,G,0,0.0178,0.133,0.10699700000000001,0.02,0.2143409025,0.1677345164,0.0,0.2285,0.18671500000000002,0.15778099931776526,0.0898172,0.100119,0.00907233
311,E,0,0.0172,0.133,0.17016099999999998,0.0405,0.19303839820000002,0.2157384884,0.0,0.2288,0.18343800000000002,0.15388049837201834,0.0909435,0.0833456,0.00910619
312,A,0,0.0153,0.11800000000000001,0.164327,0.035,0.1890449641,0.2251972716,0.0,0.2282,0.176628,0.1552139986306429,0.0929729,0.067664,0.00908154
313,I,0,0.0138,0.1,0.11148499999999999,0.0182,0.19974744789999999,0.23762524640000002,9e-10,0.2274,0.18020999999999998,0.15704825520515442,0.0951005,0.05572230000000001,0.00913736
314,A,0,0.0127,0.091,0.185198,0.0395,0.19499143239999997,0.2435064539,9e-10,0.2258,0.16758699999999999,0.1544934967532754,0.09719169999999999,0.052248300000000004,0.00941529
315,V,0,0.0124,0.09,0.17593,0.035,0.19937102690000003,0.2486006754,9e-10,0.2236,0.16189,0.15141775645315647,0.099235,0.0517861,0.00980662
316,A,0,0.0123,0.08900000000000001,0.222385,0.049,0.1815826102,0.23320366010000002,9e-10,0.2211,0.156774,0.1505907503888011,0.10068200000000001,0.053361900000000004,0.010512200000000001
317,I,0,0.0128,0.08900000000000001,0.30533000000000005,0.0909,0.1965417666,0.221100496,9e-10,0.2187,0.145485,0.1511042471975088,0.10353399999999999,0.057083400000000006,0.011079299999999999
318,A,0,0.0137,0.092,0.23283800000000002,0.0542,0.1880662118,0.1665398084,9e-10,0.216,0.148365,0.1551812430843711,0.107609,0.06509259999999999,0.011768
319,Q,0,0.0147,0.085,0.236433,0.0567,0.1768278625,0.1469166305,9e-10,0.2124,0.16181199999999998,0.15848075598478314,0.11238499999999998,0.0726119,0.0125542
320,M,0,0.0155,0.085,0.25031,0.0607,0.1701821509,0.1019713734,0.032801017200000004,0.2076,0.177347,0.1644115038216114,0.115695,0.0844574,0.0136121
321,S,0,0.0168,0.078,0.25031,0.0607,0.15886035699999998,0.09889519949999999,0.032801017200000004,0.2024,0.20878400000000003,0.1700232420116663,0.12062200000000001,0.096885,0.0146713
322,T,0,0.0187,0.08199999999999999,0.185198,0.0376,0.1253254874,0.0816894158,0.0328010163,0.1973,0.236933,0.17342974245548248,0.123669,0.098209,0.0157832
323,V,0,0.0205,0.095,0.16108699999999998,0.0327,0.11740769949999999,0.073741153,0.0328010163,0.1929,0.263353,0.17770249769091606,0.12645699999999999,0.09443710000000001,0.016966099999999998
324,D,0,0.0227,0.10400000000000001,0.20939499999999997,0.0464,0.0939174454,0.0663594004,0.0328010163,0.1893,0.27478400000000003,0.18071824684739116,0.13201500000000002,0.0948697,0.018277500000000002
325,L,0,0.0254,0.126,0.23283800000000002,0.0607,0.0631345793,0.0614113679,0.0328010163,0.1862,0.29386100000000004,0.1866677515208721,0.1343,0.0933418,0.0195899
326,A,0,0.0281,0.121,0.23283800000000002,0.0643,0.031819469100000004,0.0524259924,0.0328010163,0.1837,0.308263,0.19223124161362648,0.14005599999999999,0.09678889999999998,0.021064
327,S,0,0.0307,0.125,0.24704099999999998,0.0858,0.0296146477,0.043444082300000006,0.0328010163,0.1827,0.298933,0.19038275629282,0.145831,0.106029,0.022722799999999998
328,C,0,0.032,0.138,0.318242,0.1416,0.036021454700000004,0.0291350387,0.0328010163,0.1827,0.27720500000000003,0.18357349559664726,0.149069,0.12475699999999999,0.024337599999999997
329,D,0,0.0326,0.159,0.278302,0.1117,0.043548993,0.014418858799999998,0.0,0.1833,0.27568899999999996,0.17576799914240834,0.15689,0.142702,0.025896
330,H,0,0.0324,0.196,0.200174,0.0744,0.050739930999999995,0.0,0.0,0.1843,0.249079,0.17276599630713466,0.160313,0.150573,0.027360000000000002
331,G,0,0.0315,0.22,0.20939499999999997,0.0789,0.0536156837,2e-10,0.0,0.1877,0.21012600000000003,0.17334450036287308,0.165304,0.159885,0.0285457
332,V,0,0.0287,0.225,0.21930100000000002,0.0789,0.0602512237,2e-10,0.0,0.1925,0.200626,0.17386750504374504,0.173156,0.138679,0.029881
333,V,0,0.0277,0.228,0.20939499999999997,0.0858,0.0697699234,2e-10,0.0,0.1993,0.188723,0.16647449880838394,0.175896,0.124386,0.031061099999999998
334,A,0,0.0271,0.235,0.278302,0.1322,0.08875565939999999,2e-10,0.0,0.2071,0.181571,0.16065975278615952,0.183497,0.11121500000000001,0.032318
335,S,0,0.0263,0.249,0.20637600000000003,0.0909,0.1581885431,4.088e-07,0.0,0.2163,0.195822,0.16036649607121944,0.190834,0.104806,0.03319369999999999
336,V,0,0.0255,0.261,0.20637600000000003,0.1018,0.2571035203,4.094e-07,0.0,0.225,0.194241,0.15431325417011976,0.198173,0.099973,0.0346224
337,K,0,0.0266,0.233,0.26085,0.1416,0.3513250555,4.1439999999999995e-07,0.0,0.234,0.18749000000000002,0.1482030050829053,0.203315,0.09924580000000001,0.0361498
338,R,0,0.0274,0.21600000000000003,0.25406,0.1416,0.4398485061,4.3165e-06,0.0,0.2446,0.184909,0.14611875172704458,0.208796,0.0991884,0.0379971
339,C,0,0.0281,0.214,0.318242,0.2167,0.5275016782,7.3617999999999995e-06,0.0,0.2577,0.1877,0.14946400467306376,0.21363200000000002,0.10380999999999999,0.0399077
340,I,0,0.0299,0.22399999999999998,0.225814,0.1416,0.6222155187,3.61534e-05,0.0,0.2721,0.194986,0.15799100510776046,0.221673,0.118072,0.042630699999999994
341,M,0,0.032,0.20199999999999999,0.21930100000000002,0.1456,0.7157871631,0.0046360049,0.0,0.2883,0.192984,0.16774524934589866,0.232614,0.140738,0.0459272
342,E,0,0.0371,0.183,0.16708699999999999,0.106,0.8026643072,0.0146898952,0.0,0.3043,0.213916,0.17449700459837916,0.245126,0.171062,0.0497449
343,R,0,0.0422,0.18100000000000002,0.216401,0.1456,0.8862381068999999,0.0211872256,0.0,0.3196,0.22425799999999999,0.1824447512626648,0.252235,0.19808299999999998,0.05323390000000001
344,D,0,0.048,0.191,0.298791,0.2209,0.9198970029000001,0.028895045299999998,0.0,0.3341,0.22186399999999998,0.1879970021545887,0.261368,0.226665,0.057360900000000006
345,L,0,0.0546,0.21,0.27150599999999997,0.20800000000000002,0.9121273809999999,0.0338206283,0.0,0.3512,0.213273,0.18910475447773933,0.264556,0.253096,0.061472900000000004
346,Y,0,0.0617,0.21,0.25406,0.1844,0.9197172845999999,0.11021288470000001,0.0,0.37,0.236012,0.20170025527477264,0.269879,0.276971,0.067343
347,P,0,0.0747,0.18899999999999997,0.311707,0.2558,0.9303832265,0.19117995699999998,0.0,0.3899,0.239355,0.21063049882650373,0.2779,0.303831,0.07483569999999999
348,R,0,0.0907,0.187,0.31487,0.2558,0.9392482442,0.27121772969999997,0.0,0.4091,0.264778,0.212358757853508,0.279968,0.330366,0.0865225
349,R,0,0.109,0.19,0.308712,0.2558,0.9441324698000001,0.35086844590000005,0.0,0.4294,0.29129499999999997,0.21098750829696652,0.28867600000000004,0.359883,0.0994346
350,W,0,0.1335,0.2,0.366687,0.3456,0.9489456113,0.3930065836,0.0,0.4504,0.29982,0.2139577493071556,0.29273499999999997,0.39760300000000004,0.11719700000000001
351,G,1,0.1656,0.19899999999999998,0.44408100000000006,0.4245,0.9547102255,0.3922389226,0.0,0.4718,0.320022,0.317915752530098,0.29835500000000004,0.43433599999999994,0.142992
352,L,1,0.199,0.204,0.454136,0.4282,0.9611631815999999,0.4927180479,0.0,0.4932,0.322799,0.3343687504529953,0.302392,0.45815900000000004,0.168977
353,G,1,0.2403,0.214,0.43303400000000003,0.4282,0.9685438014,0.5961209279999999,4.1383e-06,0.5134,0.372077,0.3381625115871429,0.307822,0.464704,0.19778900000000002
354,P,1,0.2786,0.239,0.418646,0.3992,0.9873354973999999,0.7023064481999999,0.0423885845,0.5318,0.433651,0.3282999992370605,0.31368,0.447137,0.22385700000000003
355,V,1,0.3141,0.29,0.41485600000000006,0.3992,0.9830638315000001,0.7370252556,0.0423885845,0.5488,0.48328000000000004,0.3258429914712906,0.316864,0.423961,0.251308
356,A,1,0.3448,0.317,0.480142,0.4651,0.9704706137000001,0.7671653770999999,0.0423885845,0.5654,0.539954,0.3366205096244812,0.32163600000000003,0.392004,0.287108
357,Q,1,0.3757,0.35200000000000004,0.545602,0.5331,0.9438929798000001,0.7982356681999999,0.0423885845,0.5829,0.58716,0.337785005569458,0.326162,0.372724,0.323402
358,K,1,0.4021,0.40399999999999997,0.454136,0.46,0.9185506547,0.8296672672,0.0423885845,0.5994,0.636107,0.34054750204086304,0.33155,0.35335900000000003,0.36446799999999996
359,K,1,0.4223,0.428,0.46524099999999996,0.4703,0.9078128590000001,0.8940403879000001,0.0423885845,0.615,0.676959,0.3533817380666733,0.332444,0.34134699999999996,0.39852600000000005
360,K,1,0.4363,0.436,0.458154,0.46,0.8941290153,0.9958652697,0.0423885845,0.6289,0.700924,0.351914256811142,0.336754,0.3414,0.420766
361,Q,1,0.4435,0.452,0.480142,0.4825,0.8740543808,0.9999999245000001,0.0423885845,0.6418,0.7061649999999999,0.337613508105278,0.341719,0.350953,0.43253800000000003
362,M,1,0.4528,0.486,0.480142,0.4967,0.8556073589000001,0.9999999271,0.0423844462,0.6532,0.7181069999999999,0.33047550916671753,0.346416,0.366616,0.44260900000000003
363,K,1,0.4515,0.48200000000000004,0.545602,0.5549,0.8375358195999999,0.9999999342,0.0,0.6637,0.704522,0.3259984999895096,0.349231,0.392058,0.469606
364,A,1,0.4495,0.44,0.497853,0.5173,0.8238414503,0.9999999748,0.0,0.673,0.705044,0.33231425285339355,0.35071599999999997,0.42577299999999996,0.490199
365,D,1,0.4402,0.4,0.48306800000000005,0.5043,0.8193149885,0.9999999895999999,0.0,0.6814,0.707088,0.3428967595100403,0.353025,0.462426,0.48542799999999997
366,G,1,0.4295,0.363,0.541878,0.5514,0.8020579340999999,0.99999999,0.0,0.6889,0.703045,0.3435087502002716,0.353982,0.539358,0.489388
367,K,1,0.4054,0.33,0.575842,0.5802,0.7815863118,0.9999999937,0.0,0.6963,0.704529,0.338360995054245,0.356572,0.617512,0.486433
368,L,1,0.3784,0.35100000000000003,0.570702,0.5667,0.711229538,0.9544856919,0.0,0.7029,0.7051069999999999,0.33113349974155426,0.358583,0.656846,0.477206
369,D,1,0.3582,0.344,0.622677,0.5941,0.6831807612,0.9198603406999999,0.0,0.7084,0.699066,0.33307574689388275,0.361977,0.648783,0.487637
370,K,1,0.344,0.322,0.63748,0.59,0.6597250435,0.8818793802,0.0,0.7122,0.710965,0.3715315014123917,0.362658,0.607793,0.49055200000000004
371,Y,1,0.3348,0.302,0.6661050000000001,0.5992,0.6346230279,0.8524886105,0.0,0.7155,0.737549,0.3734015077352524,0.364628,0.6075510000000001,0.49992600000000004
372,G,1,0.3402,0.282,0.56648,0.5296,0.5666530675,0.7429154437000001,0.0,0.7178,0.7453390000000001,0.37168624997138977,0.367956,0.618445,0.517862
373,R,1,0.3441,0.304,0.570702,0.5374,0.4958245893,0.6378000304,0.0,0.7215,0.7499359999999999,0.3706127554178238,0.370504,0.638738,0.533143
374,V,1,0.3455,0.337,0.570702,0.5253,0.4076037105,0.5281567803,0.0,0.7268,0.764633,0.3703014999628067,0.374212,0.6523260000000001,0.557031
375,N,1,0.3588,0.391,0.59508,0.5549,0.3460978403,0.4170488532,0.0,0.7327,0.7778390000000001,0.35804276168346405,0.37796599999999997,0.681176,0.6058939999999999
376,E,1,0.3729,0.418,0.517562,0.5084,0.287806538,0.3059377453,0.0,0.736,0.799039,0.3531715124845505,0.38245500000000004,0.705278,0.650929
377,N,1,0.3806,0.46799999999999997,0.480142,0.4781,0.26565911649999996,0.24034093969999998,0.0,0.7375,0.813503,0.3547179996967316,0.386808,0.732842,0.689002
378,T,1,0.376,0.489,0.521092,0.5084,0.24178451280000002,0.1638557648,0.0,0.739,0.8241860000000001,0.3501745015382767,0.389927,0.726282,0.709645
379,P,1,0.368,0.488,0.5341670000000001,0.5331,0.2141971193,0.0907256939,0.0,0.7415,0.834201,0.34926174581050873,0.39313400000000004,0.71001,0.7176560000000001
380,E,1,0.3616,0.526,0.529623,0.5374,0.157544085,0.0090217852,0.0,0.7444,0.8435010000000001,0.3442109972238541,0.397829,0.678634,0.710386
381,Q,1,0.3506,0.59,0.5576909999999999,0.5412,0.14782759210000002,0.008468396,0.0,0.7475,0.85535,0.32040150463581085,0.402136,0.641339,0.7040930000000001
382,W,1,0.3402,0.64,0.632174,0.5941,0.1416180091,0.0033111297999999997,0.0,0.7514,0.8630180000000001,0.3091687560081482,0.407327,0.614815,0.696707
383,K,1,0.3382,0.593,0.626927,0.5941,0.1507863143,0.0051559738,0.0,0.7559,0.8726950000000001,0.3155887573957443,0.412103,0.630239,0.702128
384,K,1,0.3431,0.625,0.642678,0.6035,0.1635543605,0.053700835700000005,0.0,0.7618,0.8816280000000001,0.3449067622423172,0.416249,0.623027,0.700187
385,E,1,0.3482,0.665,0.7035779999999999,0.6442,0.1804877114,0.1164457784,0.0,0.7686,0.891648,0.3448520004749298,0.420203,0.626904,0.705062
386,Y,1,0.3603,0.7240000000000001,0.685117,0.6334,0.19103969269999999,0.19589477239999997,0.0,0.7756,0.9041129999999999,0.3434717506170273,0.42618999999999996,0.6321760000000001,0.710646
387,V,1,0.3897,0.7170000000000001,0.685117,0.6374,0.16395690710000002,0.2753317067,0.0,0.7819,0.9108280000000001,0.34683749079704285,0.42805,0.6880109999999999,0.726167
388,P,1,0.4418,0.695,0.6711689999999999,0.6293,0.1397110849,0.3563067618,0.0,0.7871,0.915902,0.3585297465324402,0.432249,0.748061,0.753538
389,L,1,0.497,0.71,0.675549,0.6374,0.1488130282,0.4592144711,0.0002301587,0.7923,0.923266,0.3656097501516342,0.436462,0.828882,0.784248
390,D,1,0.5749,0.706,0.648219,0.6174,0.1940187612,0.5646597216,0.0002488725,0.7978,0.9301809999999999,0.36906075477600103,0.442338,0.878508,0.810253
391,N,1,0.656,0.7340000000000001,0.642678,0.6293,0.2701219687,0.6693258188,0.021618021499999997,0.8038,0.9355040000000001,0.36926624178886414,0.445007,0.919781,0.820152
392,A,1,0.7263,0.738,0.626927,0.6174,0.3468078375,0.772560237,0.026101392200000004,0.8099,0.943635,0.3717717528343201,0.45031400000000005,0.944845,0.840161
393,E,1,0.7833,0.727,0.707965,0.6474,0.4335084381,0.8308714226,0.11648456289999999,0.8156,0.9491959999999999,0.3739570081233978,0.45598900000000003,0.963217,0.867384
394,Q,1,0.8271,0.733,0.716283,0.6681,0.5197756847999999,0.8750464277,0.1818114751,0.8211,0.9538200000000001,0.373430997133255,0.460739,0.9715790000000001,0.8828
395,S,0,0.8573,0.745,0.724957,0.6789,0.6124169951,0.9023799754,0.2787878667,0.8268,0.958628,0.3748767524957657,0.46618699999999996,0.9782350000000001,0.8953
396,T,0,0.878,0.7609999999999999,0.716283,0.6789,0.7036969779000001,0.9292512367,0.3703163218,0.8332,0.963297,0.3757847547531128,0.47114799999999996,0.9829950000000001,0.9037719999999999
397,S,0,0.892,0.777,0.784345,0.7232,0.7772443809999999,0.9546107914,0.45846926990000003,0.8401,0.9679610000000001,0.3778782486915589,0.477274,0.9843459999999999,0.9102530000000001
398,S,0,0.9011,0.7609999999999999,0.81615,0.754,0.8458319104,0.9559048396,0.5447979428,0.847,0.973239,0.3787949979305267,0.48258900000000005,0.9846809999999999,0.916366
399,S,0,0.907,0.74,0.81615,0.7573,0.8324115023,0.9393389402,0.6148261623,0.8537,0.97721,0.3789930045604706,0.487809,0.9830260000000001,0.921791
400,Q,0,0.9109,0.748,0.849326,0.7501,0.7880240048,0.8430994985,0.6737814458,0.8599,0.981065,0.3793694972991944,0.49483299999999997,0.981733,0.9226139999999999
401,E,0,0.9144,0.737,0.837511,0.7111,0.7535988404999999,0.7410606490999999,0.7491394270999999,0.8659,0.984419,0.3797132521867752,0.5011369999999999,0.9799399999999999,0.9272870000000001
402,T,0,0.9177,0.6940000000000001,0.8197620000000001,0.7034,0.7055592034999999,0.6349186249000001,0.7495955578,0.8721,0.9875309999999999,0.3801885098218918,0.504931,0.9774649999999999,0.929385
403,K,0,0.9191,0.593,0.81615,0.6906,0.6441341894,0.5279988522,0.7778763978000001,0.878,0.989715,0.3805252462625504,0.5129819999999999,0.974935,0.9313899999999999
404,E,0,0.9213,0.5760000000000001,0.8124939999999999,0.6906,0.5695451514000001,0.4213909885,0.7736830042,0.8831,0.991771,0.37920424342155457,0.518544,0.9733790000000001,0.9308120000000001
405,T,0,0.9239,0.574,0.805026,0.687,0.47485930439999996,0.3228986283,0.6822008062,0.8877,0.992975,0.37804050743579865,0.5235920000000001,0.9713719999999999,0.9329879999999999
406,E,0,0.9253,0.537,0.805026,0.687,0.3983214545,0.2165695162,0.5940478581,0.8925,0.9939110000000001,0.376207247376442,0.531097,0.9691120000000001,0.931514
407,E,0,0.9274,0.47600000000000003,0.779859,0.687,0.31999073510000003,0.132209427,0.5075739040999999,0.8979,0.994764,0.3773234933614731,0.5373220000000001,0.967698,0.929782
408,E,0,0.9284,0.45799999999999996,0.73685,0.6789,0.2836554322,0.1374106319,0.5318835279999999,0.9037,0.9954149999999999,0.3777760118246079,0.5437810000000001,0.9645469999999999,0.923692
409,P,0,0.9289,0.451,0.720929,0.6557,0.24732012920000002,0.2390596931,0.5459835901,0.9092,0.9957860000000001,0.37856125831604,0.546171,0.9621069999999999,0.920326
410,K,0,0.9288,0.428,0.712013,0.6557,0.2204652648,0.3445481004,0.5605494217,0.9143,0.9960190000000001,0.3790289908647537,0.5556220000000001,0.9563280000000001,0.9113040000000001
411,K,0,0.9273,0.40700000000000003,0.6661050000000001,0.6293,0.17416762859999999,0.4531272007,0.5636265272,0.9179,0.9961760000000001,0.3766430020332336,0.560448,0.947082,0.907091
412,A,0,0.926,0.406,0.661982,0.6174,0.1410137359,0.5542581824,0.5645191222,0.921,0.996294,0.372708261013031,0.564609,0.929998,0.895083
413,K,0,0.9231,0.42100000000000004,0.657645,0.6079,0.121023867,0.6519933272999999,0.5681621101,0.9228,0.996559,0.3742422610521317,0.569621,0.9074629999999999,0.8922950000000001
414,E,0,0.9202,0.431,0.661982,0.6255,0.1179984713,0.7456964011,0.6792269640999999,0.9236,0.996983,0.3770982474088669,0.571847,0.8870530000000001,0.867291
415,D,0,0.9162,0.44799999999999995,0.6530630000000001,0.5941,0.1224276321,0.8516895,0.7749128775,0.9233,0.997315,0.3773422390222549,0.573863,0.864556,0.86706
416,S,0,0.9112,0.47600000000000003,0.648219,0.59,0.12189022570000001,0.9303828026000001,0.8859391111,0.923,0.997603,0.3773355036973953,0.57831,0.8392350000000001,0.838772
417,L,0,0.9032,0.488,0.642678,0.5667,0.1239063778,0.8514422908,0.9026885399,0.9225,0.998218,0.3778225034475327,0.5840850000000001,0.7677390000000001,0.829435
418,I,0,0.8956,0.484,0.6135729999999999,0.5473,0.1598037567,0.7405288749,0.9034278833,0.9223,0.9987229999999999,0.3784277439117432,0.58822,0.702256,0.805663
419,K,0,0.8923,0.465,0.608892,0.5173,0.18480451809999998,0.6305322409,0.908410389,0.9219,0.998943,0.37842899560928345,0.594072,0.6710520000000001,0.816312
420,E,0,0.8928,0.488,0.553315,0.4703,0.22924805129999998,0.5212408193,0.9256050931,0.9217,0.9991469999999999,0.3775515109300613,0.598395,0.676103,0.80943
421,V,0,0.897,0.49700000000000005,0.56648,0.4918,0.23665482570000002,0.42049094929999997,0.942215857,0.921,0.999345,0.3771247416734696,0.603578,0.687681,0.825908
422,E,0,0.9031,0.516,0.575842,0.5126,0.2371428975,0.3244043974,0.9520956692,0.9202,0.9995360000000001,0.3751920014619827,0.6106550000000001,0.737805,0.8326469999999999
423,T,0,0.9105,0.542,0.5854060000000001,0.5173,0.2434818063,0.3143076224,0.8409845579999999,0.9191,0.999606,0.37549950182437897,0.61655,0.7866770000000001,0.8401860000000001
424,E,0,0.9158,0.551,0.5854060000000001,0.5253,0.29427071850000003,0.3063562199,0.7452986446,0.9179,0.999677,0.3778907507658005,0.623113,0.828017,0.85514
425,K,0,0.9216,0.542,0.5806899999999999,0.5043,0.336974485,0.313185073,0.7285634692,0.9168,0.999743,0.3790619969367981,0.628584,0.8511110000000001,0.855748
426,E,0,0.9263,0.522,0.56648,0.4781,0.3771246931,0.4025530187,0.7111804414,0.916,0.999775,0.37883299589157104,0.633969,0.8704360000000001,0.8533729999999999
427,E,0,0.9308,0.536,0.549308,0.46,0.44058663020000005,0.5099824878,0.6531733436,0.9149,0.999808,0.3778735101222992,0.639649,0.889803,0.8658680000000001
428,V,0,0.9345,0.5770000000000001,0.570702,0.442,0.4966203174,0.6177025393,0.6007933132,0.9134,0.999834,0.3778125047683716,0.643757,0.9015479999999999,0.866267
429,K,0,0.9363,0.59,0.604312,0.4333,0.5530931323,0.7288087493000001,0.48968220219999997,0.9119,0.999851,0.37976324558258057,0.649633,0.920008,0.887797
430,E,0,0.9375,0.643,0.604312,0.442,0.6431253125,0.8395385541,0.378571091,0.9107,0.99987,0.3825927525758743,0.6547470000000001,0.9306610000000001,0.899774
431,D,0,0.9397,0.6829999999999999,0.59917,0.4282,0.7400761953,0.9488263816,0.27226529309999997,0.9099,0.9998870000000001,0.3842960000038147,0.657454,0.938981,0.9076629999999999
432,D,0,0.9415,0.715,0.632174,0.4333,0.8356699044,0.9685147734,0.27226529309999997,0.9094,0.9999040000000001,0.384664997458458,0.661481,0.949952,0.908603
433,S,0,0.9428,0.6970000000000001,0.626927,0.4282,0.8797075563,0.9815768761,0.27226529309999997,0.9089,0.9999180000000001,0.3850544989109039,0.6668350000000001,0.9594280000000001,0.911242
434,K,0,0.9427,0.706,0.6182850000000001,0.4245,0.9383585614,0.98726076,0.1778893573,0.9082,0.9999319999999999,0.3859942406415939,0.672779,0.9613709999999999,0.913682
435,K,0,0.9424,0.7090000000000001,0.6182850000000001,0.4078,0.9968304167,0.9917106023000001,0.084166399,0.9076,0.999944,0.3873099982738495,0.6771689999999999,0.9599620000000001,0.9154760000000001
436,E,0,0.942,0.685,0.6135729999999999,0.4149,0.9981093161,0.9942215524,0.047009658899999994,0.9073,0.9999530000000001,0.3893890082836151,0.6818649999999999,0.962664,0.918955
437,K,0,0.9416,0.634,0.6135729999999999,0.4116,0.9982703113,0.9964413669,0.0,0.9072,0.999959,0.3909707516431809,0.6863640000000001,0.9589709999999999,0.9193680000000001
438,K,0,0.9409,0.598,0.608892,0.4037,0.9895702601,0.9952701852,0.0,0.9069,0.999966,0.39246124029159546,0.690725,0.9603139999999999,0.9191370000000001
439,E,0,0.9402,0.531,0.626927,0.4078,0.9665332801000001,0.9940990037,0.0,0.9063,0.9999709999999999,0.3933510035276413,0.695362,0.9653299999999999,0.919697
440,K,0,0.9399,0.522,0.622677,0.4149,0.9498625172,0.9929278152,0.0,0.9053,0.999975,0.3940977454185486,0.699778,0.95945,0.919356
441,K,0,0.939,0.504,0.626927,0.4078,0.9331917543000001,0.9917566170000001,0.0,0.9043,0.9999790000000001,0.39514775574207306,0.70426,0.951256,0.9188120000000001
442,D,0,0.9378,0.494,0.6135729999999999,0.4037,0.9166328978,0.9905871538,0.0,0.9037,0.9999819999999999,0.3952977508306503,0.7071729999999999,0.948672,0.9169440000000001
443,K,0,0.9373,0.48100000000000004,0.59917,0.4037,0.9000740414,0.9776702762,0.0,0.9034,0.999985,0.39440949261188507,0.712725,0.949825,0.915911
444,K,0,0.9364,0.46,0.59508,0.3806,0.8836943347,0.9757993144,0.0,0.9035,0.9999870000000001,0.3936090022325516,0.717084,0.952041,0.9136280000000001
445,E,0,0.9356,0.461,0.59014,0.3885,0.8673146279999999,0.9640054269,0.0,0.9041,0.9999899999999999,0.3931622505187988,0.721378,0.9593229999999999,0.914585
446,K,0,0.9356,0.47100000000000003,0.5854060000000001,0.3992,0.8509349212999999,0.9640054269,0.0,0.9053,0.999992,0.392816498875618,0.725479,0.9488049999999999,0.912593
447,K,0,0.935,0.47600000000000003,0.5854060000000001,0.3847,0.8429771331999999,0.9640054269,0.0,0.9068,0.999993,0.39370425045490265,0.725359,0.942212,0.9108950000000001
448,E,0,0.9345,0.469,0.5806899999999999,0.3992,0.8493433502,0.9640054269,0.0,0.9084,0.9999950000000001,0.395139753818512,0.725176,0.9370809999999999,0.908719
449,K,0,0.9349,0.46399999999999997,0.575842,0.4149,0.8523536829,0.9640054269,0.0,0.9099,0.9999959999999999,0.3954814970493317,0.724912,0.931298,0.907768
450,K,0,0.9347,0.466,0.575842,0.3992,0.8553640156,0.9640054269,0.0,0.9113,0.9999969999999999,0.3940562605857849,0.725032,0.928127,0.904493
451,E,0,0.9344,0.467,0.570702,0.4078,0.8583743483,0.9640054269,0.0,0.9127,0.9999979999999999,0.3904329985380173,0.724953,0.9234610000000001,0.9040219999999999
452,K,0,0.9349,0.467,0.56648,0.4203,0.8542787262,0.975798077,0.0,0.9144,0.9999979999999999,0.38423800468444813,0.724852,0.9107280000000001,0.901666
453,K,0,0.9347,0.473,0.5576909999999999,0.3992,0.8501831042,0.9776665645,0.0,0.9163,0.999999,0.3811527490615845,0.724843,0.911299,0.899075
454,D,0,0.9341,0.48100000000000004,0.549308,0.4078,0.8525787470999999,0.9894592146,0.0,0.9185,0.999999,0.3793227523565293,0.7233229999999999,0.9066569999999999,0.894763
455,K,0,0.9342,0.488,0.545602,0.4149,0.85497439,0.9774003875,0.0,0.9211,0.999999,0.3789364993572235,0.724776,0.904067,0.892016
456,K,0,0.934,0.493,0.549308,0.4556,0.8707938542,0.9653415605,0.0,0.924,0.999999,0.3813387602567673,0.724899,0.9012049999999999,0.8868229999999999
457,E,0,0.9338,0.49200000000000005,0.545602,0.46,0.8872173001000001,0.8667208265999999,0.0,0.927,0.999999,0.3841822594404221,0.724834,0.8986940000000001,0.8880170000000001
458,K,0,0.9343,0.517,0.562014,0.4781,0.9004666790000001,0.8639232095999999,0.0,0.9299,0.999999,0.38554975390434265,0.72472,0.89512,0.8846290000000001
459,K,0,0.9344,0.528,0.5576909999999999,0.46,0.9139988368,0.8611274112,0.0,0.9326,0.999999,0.3833852559328079,0.7246279999999999,0.889502,0.880922
460,E,0,0.9346,0.527,0.570702,0.4458,0.92763381,0.8622899331,0.027664397200000003,0.935,0.999999,0.3811357468366623,0.724653,0.8947120000000001,0.880655
461,K,0,0.9355,0.545,0.59508,0.4651,0.948360725,0.8634524218999999,0.0552271101,0.937,0.999999,0.3787964880466461,0.724565,0.89345,0.878992
462,K,0,0.9359,0.552,0.604312,0.4651,0.9690876398999999,0.864623617,0.0552271101,0.9387,0.999999,0.3788367509841919,0.721268,0.894058,0.873541
463,E,0,0.9364,0.5529999999999999,0.626927,0.4781,0.9833232899,0.8643764147,0.1280066159,0.9399,0.999999,0.38234750926494604,0.717675,0.894867,0.874475
464,K,0,0.9375,0.588,0.626927,0.442,0.997541103,0.8776064401000001,0.1637312652,0.941,0.999999,0.38782376050949097,0.7140770000000001,0.8918200000000001,0.8694270000000001
465,K,0,0.9382,0.62,0.6135729999999999,0.4245,0.9983350947,0.8892809608,0.1890524061,0.9423,0.999999,0.39083874225616455,0.710444,0.895431,0.8701049999999999
466,R,0,0.9388,0.6609999999999999,0.608892,0.4282,0.9985873812,0.9848764526,0.1952449929,0.9437,0.999999,0.3907332569360733,0.705657,0.907021,0.870017
467,K,0,0.9402,0.6779999999999999,0.59917,0.4282,0.9989324716,0.9845549881,0.28095356850000003,0.9448,0.999999,0.3925867527723312,0.703422,0.909983,0.8672610000000001
468,S,0,0.9425,0.6829999999999999,0.622677,0.4651,0.9989886523999999,0.984231705,0.36666214420000004,0.9453,0.9999979999999999,0.392765998840332,0.6987869999999999,0.912909,0.8656780000000001
469,E,0,0.9443,0.6940000000000001,0.6135729999999999,0.46,0.9989467606999999,0.9793674535,0.4265399196,0.9457,0.9999979999999999,0.3871849924325943,0.696046,0.92422,0.8652690000000001
470,D,0,0.9461,0.698,0.608892,0.4556,0.9990412155,0.0,0.0,0.9464,0.9999979999999999,0.3821965008974075,0.690304,0.927075,0.864207
471,G,0,0.9481,0.7120000000000001,0.626927,0.4967,0.9990487808,0.0,0.0,0.9474,0.9999979999999999,0.3806082457304001,0.686517,0.936285,0.8616719999999999
472,D,0,0.9485,0.736,0.622677,0.4918,0.9989488929000001,0.0,0.0,0.9485,0.9999979999999999,0.381284236907959,0.683826,0.9397110000000001,0.859483
473,S,0,0.9486,0.754,0.622677,0.4879,0.9987790234,0.0,0.0,0.9495,0.9999979999999999,0.3813679963350296,0.680403,0.939732,0.8555450000000001
474,E,0,0.9475,0.9179999999999999,0.622677,0.5623,0.9980499076999999,0.0,0.0,0.9505,0.9999979999999999,0.38335850834846497,0.67881,0.9377719999999999,0.851557
475,E,0,0.9467,0.922,0.632174,0.6079,0.9971155854000001,0.0,0.0,0.9513,0.9999979999999999,0.383883997797966,0.675321,0.938359,0.853657
476,K,0,0.9457,0.925,0.648219,0.6474,0.9956375769,0.0,0.0,0.952,0.9999979999999999,0.38633450865745533,0.6723939999999999,0.941166,0.85001
477,K,0,0.9455,0.89,0.642678,0.6715,0.9934469726999999,0.0,0.0,0.9525,0.9999979999999999,0.3896220028400421,0.665485,0.9426190000000001,0.842218
478,S,0,0.9477,0.9229999999999999,0.657645,0.7111,0.9913204479000001,0.0,0.0,0.953,0.9999979999999999,0.38843299448490143,0.6569470000000001,0.943767,0.8344090000000001
479,K,0,0.9506,0.935,0.632174,0.7458,0.9891990615999999,0.0,0.0,0.9534,0.9999979999999999,0.37607400119304657,0.6514979999999999,0.942541,0.827734
480,K,0,0.9559,0.963,0.642678,0.8242,0.9854844915000001,0.0,0.0,0.9539,0.9999979999999999,0.3695567548274994,0.644981,0.9451639999999999,0.8217139999999999
481,S,0,0.9565,0.948,0.632174,0.8746,0.9790159548999999,0.0,0.0,0.9543,0.9999979999999999,0.36585348844528204,0.642162,0.959916,0.851721
482,K,0,0.9495,0.9079999999999999,0.59508,0.9009,0.9796353547,0.0,0.0,0.9548,0.9999979999999999,0.3643510043621063,0.638777,0.9593799999999999,0.828945
483,K,0,0.9245,0.8859999999999999,0.575842,0.9369,0.9807826026,0.0,0.0,0.9549,0.9999979999999999,0.36156450212001795,0.631332,0.95801,0.789235
